duplicate_group_id,record_id,duplicate_group_role,canonical_record_id,duplicate_group_size,duplicate_match_score,duplicate_exclusion_reason,public_sample_label,source_file,source_row,doi_verified,publication_title_verified,material_family,form_factor,public_release_tier,value_extraction_type
dupgrp_9366634a1328,rec_f1e1f0f128dd,canonical,rec_f1e1f0f128dd,3,,,This Work-Fully DD,XiaO_DATA.xlsx,4,10.1126/sciadv.abq3515,"Simultaneously enhanced tenacity, rupture work, and thermal conductivity of carbon nanotube fibers by raising effective tube portion",CNT_or_CNT_hybrid,fiber_yarn,peer_reviewed_research,direct_or_source_table
dupgrp_9366634a1328,rec_02c0d3e87828,duplicate_collapsed,rec_f1e1f0f128dd,3,1.0,same DOI/material/form/sample and all overlapping measurements match,Fully Double-Drawn CNTF,RadarFigureSource.xlsx,6,10.1126/sciadv.abq3515,"Simultaneously enhanced tenacity, rupture work, and thermal conductivity of carbon nanotube fibers by raising effective tube portion",CNT_or_CNT_hybrid,fiber_yarn,excluded_duplicate,direct_or_source_table
dupgrp_9366634a1328,rec_2498a792955e,duplicate_collapsed,rec_f1e1f0f128dd,3,1.0,same DOI/material/form/sample and all overlapping measurements match,Fully Double-Drawn CNTF,RadarFigureSource.xlsx,6,10.1126/sciadv.abq3515,"Simultaneously enhanced tenacity, rupture work, and thermal conductivity of carbon nanotube fibers by raising effective tube portion",CNT_or_CNT_hybrid,fiber_yarn,excluded_duplicate,direct_or_source_table
dupgrp_e333f9bb2371,rec_fd18c73500a7,canonical,rec_fd18c73500a7,4,,,Rice-2017,XiaO_DATA.xlsx,6,10.1021/acsami.7b10968,Influence of Carbon Nanotube Characteristics on Macroscopic Fiber Properties,CNT_or_CNT_hybrid,fiber_yarn,peer_reviewed_research,direct_or_source_table
dupgrp_e333f9bb2371,rec_e8e6044d4d5e,duplicate_collapsed,rec_fd18c73500a7,4,1.0,same DOI/material/form cross-source extraction with matching numeric profile,Solution-spun CNTF,RadarFigureSource.xlsx,8,10.1021/acsami.7b10968,Influence of Carbon Nanotube Characteristics on Macroscopic Fiber Properties,CNT_or_CNT_hybrid,fiber_yarn,excluded_duplicate,direct_or_source_table
dupgrp_e333f9bb2371,rec_6f57195c5982,duplicate_collapsed,rec_fd18c73500a7,4,1.0,same DOI/material/form cross-source extraction with matching numeric profile,Solution-spun CNTF,RadarFigureSource.xlsx,8,10.1021/acsami.7b10968,Influence of Carbon Nanotube Characteristics on Macroscopic Fiber Properties,CNT_or_CNT_hybrid,fiber_yarn,excluded_duplicate,direct_or_source_table
dupgrp_e333f9bb2371,rec_fc68caa210e6,duplicate_collapsed,rec_fd18c73500a7,4,1.0,same DOI/material/form cross-source extraction with matching numeric profile,Best Rice process so far,20210409_Metaanalysis_database.xlsx,816,10.1021/acsami.7b10968,Influence of Carbon Nanotube Characteristics on Macroscopic Fiber Properties,CNT_or_CNT_hybrid,fiber_yarn,excluded_duplicate,secondary_meta_analysis
dupgrp_6b33d9c0226b,rec_7ad5b7a404bd,canonical,rec_7ad5b7a404bd,3,,,Rice-2013,XiaO_DATA.xlsx,8,10.1021/acsami.7b10968;10.1126/science.1228061,"Influence of Carbon Nanotube Characteristics on Macroscopic Fiber Properties | Strong, Light, Multifunctional Fibers of Carbon Nanotubes with Ultrahigh Conductivity",CNT_or_CNT_hybrid,fiber_yarn,peer_reviewed_research,direct_or_source_table
dupgrp_6b33d9c0226b,rec_da38ec45d92d,duplicate_collapsed,rec_7ad5b7a404bd,3,1.0,same DOI/material/form/sample and all overlapping measurements match,Solution-spun CNTF with CCNI DWCNT,RadarFigureSource.xlsx,10,10.1021/acsami.7b10968;10.1126/science.1228061,"Influence of Carbon Nanotube Characteristics on Macroscopic Fiber Properties | Strong, Light, Multifunctional Fibers of Carbon Nanotubes with Ultrahigh Conductivity",CNT_or_CNT_hybrid,fiber_yarn,excluded_duplicate,direct_or_source_table
dupgrp_6b33d9c0226b,rec_25823ba0ae4b,duplicate_collapsed,rec_7ad5b7a404bd,3,1.0,same DOI/material/form/sample and all overlapping measurements match,Solution-spun CNTF with CCNI DWCNT,RadarFigureSource.xlsx,10,10.1021/acsami.7b10968;10.1126/science.1228061,"Influence of Carbon Nanotube Characteristics on Macroscopic Fiber Properties | Strong, Light, Multifunctional Fibers of Carbon Nanotubes with Ultrahigh Conductivity",CNT_or_CNT_hybrid,fiber_yarn,excluded_duplicate,direct_or_source_table
dupgrp_c9df237f30b5,rec_070972d62e8c,canonical,rec_070972d62e8c,4,,,Rice-2021,XiaO_DATA.xlsx,10,10.1016/j.carbon.2020.07.058,"Improved properties, increased production, and the path to broad adoption of carbon nanotube fibers",CNT_or_CNT_hybrid,fiber_yarn,peer_reviewed_research,direct_or_source_table
dupgrp_c9df237f30b5,rec_0661b1e3d41e,duplicate_collapsed,rec_070972d62e8c,4,1.0,same DOI/material/form/sample and all overlapping measurements match,Solution-spun CNTF,RadarFigureSource.xlsx,11,10.1016/j.carbon.2020.07.058,"Improved properties, increased production, and the path to broad adoption of carbon nanotube fibers",CNT_or_CNT_hybrid,fiber_yarn,excluded_duplicate,direct_or_source_table
dupgrp_c9df237f30b5,rec_dc9e46de807d,duplicate_collapsed,rec_070972d62e8c,4,1.0,same DOI/material/form/sample and all overlapping measurements match,Solution-spun CNTF,RadarFigureSource.xlsx,11,10.1016/j.carbon.2020.07.058,"Improved properties, increased production, and the path to broad adoption of carbon nanotube fibers",CNT_or_CNT_hybrid,fiber_yarn,excluded_duplicate,direct_or_source_table
dupgrp_c9df237f30b5,rec_87de030d7a7c,duplicate_collapsed,rec_070972d62e8c,4,1.0,same DOI/material/form cross-source extraction with matching numeric profile,Best all around,RadarFigureSource.xlsx,40,10.1016/j.carbon.2020.07.058,"Improved properties, increased production, and the path to broad adoption of carbon nanotube fibers",CNT_or_CNT_hybrid,fiber_yarn,excluded_duplicate,direct_or_source_table
dupgrp_33120b4b5357,rec_a695c08a2b7e,canonical,rec_a695c08a2b7e,3,,,IMDEA-2018-DWNT,XiaO_DATA.xlsx,12,10.1016/j.carbon.2018.03.006,Tensile properties of carbon nanotube fibres described by the fibrillar crystallite model,CNT_or_CNT_hybrid,fiber_yarn,peer_reviewed_research,direct_or_source_table
dupgrp_33120b4b5357,rec_a3d04bd0b9ca,duplicate_collapsed,rec_a695c08a2b7e,3,1.0,same DOI/material/form/sample and all overlapping measurements match,Direct-spun CNTF of collapsed DWCNT,RadarFigureSource.xlsx,29,10.1016/j.carbon.2018.03.006,Tensile properties of carbon nanotube fibres described by the fibrillar crystallite model,CNT_or_CNT_hybrid,fiber_yarn,excluded_duplicate,direct_or_source_table
dupgrp_33120b4b5357,rec_4a011ec32d34,duplicate_collapsed,rec_a695c08a2b7e,3,1.0,same DOI/material/form/sample and all overlapping measurements match,Direct-spun CNTF of collapsed DWCNT,RadarFigureSource.xlsx,31,10.1016/j.carbon.2018.03.006,Tensile properties of carbon nanotube fibres described by the fibrillar crystallite model,CNT_or_CNT_hybrid,fiber_yarn,excluded_duplicate,direct_or_source_table
dupgrp_c267f841a799,rec_e4195ca77d77,canonical,rec_e4195ca77d77,3,,,IMDEA-2018-MWNT,XiaO_DATA.xlsx,13,10.1016/j.carbon.2018.03.006,Tensile properties of carbon nanotube fibres described by the fibrillar crystallite model,CNT_or_CNT_hybrid,fiber_yarn,peer_reviewed_research,direct_or_source_table
dupgrp_c267f841a799,rec_9131fda31857,duplicate_collapsed,rec_e4195ca77d77,3,1.0,same DOI/material/form/sample and all overlapping measurements match,Direct-spun CNTF of few-layer MWCNT,RadarFigureSource.xlsx,30,10.1016/j.carbon.2018.03.006,Tensile properties of carbon nanotube fibres described by the fibrillar crystallite model,CNT_or_CNT_hybrid,fiber_yarn,excluded_duplicate,direct_or_source_table
dupgrp_c267f841a799,rec_a51d4d0225a0,duplicate_collapsed,rec_e4195ca77d77,3,1.0,same DOI/material/form/sample and all overlapping measurements match,Direct-spun CNTF of few-layer MWCNT,RadarFigureSource.xlsx,32,10.1016/j.carbon.2018.03.006,Tensile properties of carbon nanotube fibres described by the fibrillar crystallite model,CNT_or_CNT_hybrid,fiber_yarn,excluded_duplicate,direct_or_source_table
dupgrp_0343fff5ebac,rec_e138864c79bf,canonical,rec_e138864c79bf,4,,,PUST-2018-CSA13,XiaO_DATA.xlsx,14,10.1016/j.carbon.2018.04.071,"Hierarchical structure of carbon nanotube fibers, and the change of structure during densification by wet stretching",CNT_or_CNT_hybrid,fiber_yarn,peer_reviewed_research,direct_or_source_table
dupgrp_0343fff5ebac,rec_e69f3c42c3c9,duplicate_collapsed,rec_e138864c79bf,4,1.0,same DOI/material/form/sample and all overlapping measurements match,CSA 13% stretched Direct-spun CNTF,RadarFigureSource.xlsx,31,10.1016/j.carbon.2018.04.071,"Hierarchical structure of carbon nanotube fibers, and the change of structure during densification by wet stretching",CNT_or_CNT_hybrid,fiber_yarn,excluded_duplicate,direct_or_source_table
dupgrp_0343fff5ebac,rec_97cc9d1dbafc,duplicate_collapsed,rec_e138864c79bf,4,1.0,same DOI/material/form/sample and all overlapping measurements match,CSA 13% stretched Direct-spun CNTF,RadarFigureSource.xlsx,33,10.1016/j.carbon.2018.04.071,"Hierarchical structure of carbon nanotube fibers, and the change of structure during densification by wet stretching",CNT_or_CNT_hybrid,fiber_yarn,excluded_duplicate,direct_or_source_table
dupgrp_0343fff5ebac,rec_90f29183466a,duplicate_collapsed,rec_e138864c79bf,4,1.0,same DOI/material/form/sample and all overlapping measurements match,13% Stretch in CSA,20210409_Metaanalysis_database.xlsx,958,10.1016/j.carbon.2018.04.071,"Hierarchical structure of carbon nanotube fibers, and the change of structure during densification by wet stretching",CNT_or_CNT_hybrid,fiber_yarn,excluded_duplicate,secondary_meta_analysis
dupgrp_6b92dabf0bba,rec_4a4cd25d06d2,canonical,rec_4a4cd25d06d2,4,,,PUST-2018-Raw,XiaO_DATA.xlsx,15,10.1016/j.carbon.2018.04.071,"Hierarchical structure of carbon nanotube fibers, and the change of structure during densification by wet stretching",CNT_or_CNT_hybrid,fiber_yarn,peer_reviewed_research,direct_or_source_table
dupgrp_6b92dabf0bba,rec_70b4f69ee31f,duplicate_collapsed,rec_4a4cd25d06d2,4,1.0,same DOI/material/form/sample and all overlapping measurements match,Raw Direct-spun CNTF,RadarFigureSource.xlsx,32,10.1016/j.carbon.2018.04.071,"Hierarchical structure of carbon nanotube fibers, and the change of structure during densification by wet stretching",CNT_or_CNT_hybrid,fiber_yarn,excluded_duplicate,direct_or_source_table
dupgrp_6b92dabf0bba,rec_44f46b8aecb4,duplicate_collapsed,rec_4a4cd25d06d2,4,1.0,same DOI/material/form/sample and all overlapping measurements match,Raw Direct-spun CNTF,RadarFigureSource.xlsx,34,10.1016/j.carbon.2018.04.071,"Hierarchical structure of carbon nanotube fibers, and the change of structure during densification by wet stretching",CNT_or_CNT_hybrid,fiber_yarn,excluded_duplicate,direct_or_source_table
dupgrp_6b92dabf0bba,rec_4c1e70358ef1,duplicate_collapsed,rec_4a4cd25d06d2,4,1.0,same DOI/material/form/sample and all overlapping measurements match,As is condensed Floating Catalyst,20210409_Metaanalysis_database.xlsx,963,10.1016/j.carbon.2018.04.071,"Hierarchical structure of carbon nanotube fibers, and the change of structure during densification by wet stretching",CNT_or_CNT_hybrid,fiber_yarn,excluded_duplicate,secondary_meta_analysis
dupgrp_2cd99221e2e0,rec_37f6376c4d79,duplicate_collapsed,rec_d993a9d955d3,3,1.0,same DOI/material/form/sample and all overlapping measurements match,S&DWNT-1400℃,XiaO_DATA.xlsx,110,10.1126/sciadv.abn0939,"Ultrahigh strength, modulus, and conductivity of graphitic fibers by macromolecular coalescence",CNT_or_CNT_hybrid,fiber_yarn,excluded_duplicate,direct_or_source_table
dupgrp_2cd99221e2e0,rec_42149da6dd33,duplicate_collapsed,rec_d993a9d955d3,3,1.0,same DOI/material/form/sample and all overlapping measurements match,Heat Solution-Spun CNTF,RadarFigureSource.xlsx,13,10.1126/sciadv.abn0939,"Ultrahigh strength, modulus, and conductivity of graphitic fibers by macromolecular coalescence",CNT_or_CNT_hybrid,fiber_yarn,excluded_duplicate,direct_or_source_table
dupgrp_2cd99221e2e0,rec_d993a9d955d3,canonical,rec_d993a9d955d3,3,,,S·DW:1400℃,RadarFigureSource.xlsx,13,10.1126/sciadv.abn0939,"Ultrahigh strength, modulus, and conductivity of graphitic fibers by macromolecular coalescence",CNT_or_CNT_hybrid,fiber_yarn,peer_reviewed_research,direct_or_source_table
dupgrp_54f5ab0553f7,rec_e22c35181084,duplicate_collapsed,rec_cedbdadfb972,4,1.0,same DOI/material/form/sample and all overlapping measurements match,S&DWNT-1700℃,XiaO_DATA.xlsx,111,10.1126/sciadv.abn0939,"Ultrahigh strength, modulus, and conductivity of graphitic fibers by macromolecular coalescence",CNT_or_CNT_hybrid,fiber_yarn,excluded_duplicate,direct_or_source_table
dupgrp_54f5ab0553f7,rec_76d2c69a04a4,duplicate_collapsed,rec_cedbdadfb972,4,1.0,same DOI/material/form/sample and all overlapping measurements match,Heat Solution-Spun CNTF,RadarFigureSource.xlsx,14,10.1126/sciadv.abn0939,"Ultrahigh strength, modulus, and conductivity of graphitic fibers by macromolecular coalescence",CNT_or_CNT_hybrid,fiber_yarn,excluded_duplicate,direct_or_source_table
dupgrp_54f5ab0553f7,rec_cedbdadfb972,canonical,rec_cedbdadfb972,4,,,S·DW:1700℃,RadarFigureSource.xlsx,14,10.1126/sciadv.abn0939,"Ultrahigh strength, modulus, and conductivity of graphitic fibers by macromolecular coalescence",CNT_or_CNT_hybrid,fiber_yarn,peer_reviewed_research,direct_or_source_table
dupgrp_54f5ab0553f7,rec_1ea88a98e667,duplicate_collapsed,rec_cedbdadfb972,4,1.0,same DOI/material/form/sample and all overlapping measurements match,S-DWNT (1700C),RadarFigureSource.xlsx,86,10.1126/sciadv.abn0939,"Ultrahigh strength, modulus, and conductivity of graphitic fibers by macromolecular coalescence",CNT_or_CNT_hybrid,fiber_yarn,excluded_duplicate,direct_or_source_table
dupgrp_e14cccb0b6a4,rec_75ea5435ea68,duplicate_collapsed,rec_7c59bae10273,3,1.0,same DOI/material/form/sample and all overlapping measurements match,S&DWNT-2000℃,XiaO_DATA.xlsx,112,10.1126/sciadv.abn0939,"Ultrahigh strength, modulus, and conductivity of graphitic fibers by macromolecular coalescence",CNT_or_CNT_hybrid,fiber_yarn,excluded_duplicate,direct_or_source_table
dupgrp_e14cccb0b6a4,rec_82d79c517600,duplicate_collapsed,rec_7c59bae10273,3,1.0,same DOI/material/form/sample and all overlapping measurements match,Heat Solution-Spun CNTF,RadarFigureSource.xlsx,15,10.1126/sciadv.abn0939,"Ultrahigh strength, modulus, and conductivity of graphitic fibers by macromolecular coalescence",CNT_or_CNT_hybrid,fiber_yarn,excluded_duplicate,direct_or_source_table
dupgrp_e14cccb0b6a4,rec_7c59bae10273,canonical,rec_7c59bae10273,3,,,S·DW:2000℃,RadarFigureSource.xlsx,15,10.1126/sciadv.abn0939,"Ultrahigh strength, modulus, and conductivity of graphitic fibers by macromolecular coalescence",CNT_or_CNT_hybrid,fiber_yarn,peer_reviewed_research,direct_or_source_table
dupgrp_6e4fea823f24,rec_711b6001bb22,duplicate_collapsed,rec_20856eaf929f,3,1.0,same DOI/material/form/sample and all overlapping measurements match,S&DWNT-2400℃,XiaO_DATA.xlsx,113,10.1126/sciadv.abn0939,"Ultrahigh strength, modulus, and conductivity of graphitic fibers by macromolecular coalescence",CNT_or_CNT_hybrid,fiber_yarn,excluded_duplicate,direct_or_source_table
dupgrp_6e4fea823f24,rec_39e0ef19dba0,duplicate_collapsed,rec_20856eaf929f,3,1.0,same DOI/material/form/sample and all overlapping measurements match,Heat Solution-Spun CNTF,RadarFigureSource.xlsx,16,10.1126/sciadv.abn0939,"Ultrahigh strength, modulus, and conductivity of graphitic fibers by macromolecular coalescence",CNT_or_CNT_hybrid,fiber_yarn,excluded_duplicate,direct_or_source_table
dupgrp_6e4fea823f24,rec_20856eaf929f,canonical,rec_20856eaf929f,3,,,S·DW:2400℃,RadarFigureSource.xlsx,16,10.1126/sciadv.abn0939,"Ultrahigh strength, modulus, and conductivity of graphitic fibers by macromolecular coalescence",CNT_or_CNT_hybrid,fiber_yarn,peer_reviewed_research,direct_or_source_table
dupgrp_1937e00d20f9,rec_73f62dbc4897,duplicate_collapsed,rec_9bb656228bbb,3,1.0,same DOI/material/form/sample and all overlapping measurements match,S&DWNT-2700℃,XiaO_DATA.xlsx,114,10.1126/sciadv.abn0939,"Ultrahigh strength, modulus, and conductivity of graphitic fibers by macromolecular coalescence",CNT_or_CNT_hybrid,fiber_yarn,excluded_duplicate,direct_or_source_table
dupgrp_1937e00d20f9,rec_e9d32a8caa72,duplicate_collapsed,rec_9bb656228bbb,3,1.0,same DOI/material/form/sample and all overlapping measurements match,Heat Solution-Spun CNTF,RadarFigureSource.xlsx,17,10.1126/sciadv.abn0939,"Ultrahigh strength, modulus, and conductivity of graphitic fibers by macromolecular coalescence",CNT_or_CNT_hybrid,fiber_yarn,excluded_duplicate,direct_or_source_table
dupgrp_1937e00d20f9,rec_9bb656228bbb,canonical,rec_9bb656228bbb,3,,,S·DW:2700℃,RadarFigureSource.xlsx,17,10.1126/sciadv.abn0939,"Ultrahigh strength, modulus, and conductivity of graphitic fibers by macromolecular coalescence",CNT_or_CNT_hybrid,fiber_yarn,peer_reviewed_research,direct_or_source_table
dupgrp_2f96373b47da,rec_80582977ed6a,duplicate_collapsed,rec_7b7b17d7a84a,3,1.0,same DOI/material/form/sample and all overlapping measurements match,SWNT-Raw,XiaO_DATA.xlsx,115,10.1126/sciadv.abn0939,"Ultrahigh strength, modulus, and conductivity of graphitic fibers by macromolecular coalescence",CNT_or_CNT_hybrid,fiber_yarn,excluded_duplicate,direct_or_source_table
dupgrp_2f96373b47da,rec_e14f95b049b2,duplicate_collapsed,rec_7b7b17d7a84a,3,1.0,same DOI/material/form/sample and all overlapping measurements match,SWNT-Raw,RadarFigureSource.xlsx,21,10.1126/sciadv.abn0939,"Ultrahigh strength, modulus, and conductivity of graphitic fibers by macromolecular coalescence",CNT_or_CNT_hybrid,fiber_yarn,excluded_duplicate,direct_or_source_table
dupgrp_2f96373b47da,rec_7b7b17d7a84a,canonical,rec_7b7b17d7a84a,3,,,SWNT-Raw,RadarFigureSource.xlsx,22,10.1126/sciadv.abn0939,"Ultrahigh strength, modulus, and conductivity of graphitic fibers by macromolecular coalescence",CNT_or_CNT_hybrid,fiber_yarn,peer_reviewed_research,direct_or_source_table
dupgrp_c5b4cb7696d6,rec_11fc26bbe4bc,duplicate_collapsed,rec_19d4c680af03,3,1.0,same DOI/material/form/sample and all overlapping measurements match,SWNT-2700℃,XiaO_DATA.xlsx,116,10.1126/sciadv.abn0939,"Ultrahigh strength, modulus, and conductivity of graphitic fibers by macromolecular coalescence",CNT_or_CNT_hybrid,fiber_yarn,excluded_duplicate,direct_or_source_table
dupgrp_c5b4cb7696d6,rec_966d1179cd08,duplicate_collapsed,rec_19d4c680af03,3,1.0,same DOI/material/form/sample and all overlapping measurements match,Heat Solution-Spun CNTF,RadarFigureSource.xlsx,18,10.1126/sciadv.abn0939,"Ultrahigh strength, modulus, and conductivity of graphitic fibers by macromolecular coalescence",CNT_or_CNT_hybrid,fiber_yarn,excluded_duplicate,direct_or_source_table
dupgrp_c5b4cb7696d6,rec_19d4c680af03,canonical,rec_19d4c680af03,3,,,SW:2700℃,RadarFigureSource.xlsx,18,10.1126/sciadv.abn0939,"Ultrahigh strength, modulus, and conductivity of graphitic fibers by macromolecular coalescence",CNT_or_CNT_hybrid,fiber_yarn,peer_reviewed_research,direct_or_source_table
dupgrp_c63da4ec39b3,rec_f8f4cd9e46ea,duplicate_collapsed,rec_00b21901ba4b,3,1.0,same DOI/material/form/sample and all overlapping measurements match,DWNT-Raw,XiaO_DATA.xlsx,117,10.1126/sciadv.abn0939,"Ultrahigh strength, modulus, and conductivity of graphitic fibers by macromolecular coalescence",CNT_or_CNT_hybrid,fiber_yarn,excluded_duplicate,direct_or_source_table
dupgrp_c63da4ec39b3,rec_9506f408a817,duplicate_collapsed,rec_00b21901ba4b,3,1.0,same DOI/material/form/sample and all overlapping measurements match,DWNT-Raw,RadarFigureSource.xlsx,22,10.1126/sciadv.abn0939,"Ultrahigh strength, modulus, and conductivity of graphitic fibers by macromolecular coalescence",CNT_or_CNT_hybrid,fiber_yarn,excluded_duplicate,direct_or_source_table
dupgrp_c63da4ec39b3,rec_00b21901ba4b,canonical,rec_00b21901ba4b,3,,,DWNT-Raw,RadarFigureSource.xlsx,23,10.1126/sciadv.abn0939,"Ultrahigh strength, modulus, and conductivity of graphitic fibers by macromolecular coalescence",CNT_or_CNT_hybrid,fiber_yarn,peer_reviewed_research,direct_or_source_table
dupgrp_054240f96cc0,rec_f6aad03387cc,duplicate_collapsed,rec_6f52ffd7e365,3,1.0,same DOI/material/form/sample and all overlapping measurements match,DWNT-2700℃,XiaO_DATA.xlsx,118,10.1126/sciadv.abn0939,"Ultrahigh strength, modulus, and conductivity of graphitic fibers by macromolecular coalescence",CNT_or_CNT_hybrid,fiber_yarn,excluded_duplicate,direct_or_source_table
dupgrp_054240f96cc0,rec_d8119576e6da,duplicate_collapsed,rec_6f52ffd7e365,3,1.0,same DOI/material/form/sample and all overlapping measurements match,Heat Solution-Spun CNTF,RadarFigureSource.xlsx,19,10.1126/sciadv.abn0939,"Ultrahigh strength, modulus, and conductivity of graphitic fibers by macromolecular coalescence",CNT_or_CNT_hybrid,fiber_yarn,excluded_duplicate,direct_or_source_table
dupgrp_054240f96cc0,rec_6f52ffd7e365,canonical,rec_6f52ffd7e365,3,,,DW:2700℃,RadarFigureSource.xlsx,19,10.1126/sciadv.abn0939,"Ultrahigh strength, modulus, and conductivity of graphitic fibers by macromolecular coalescence",CNT_or_CNT_hybrid,fiber_yarn,peer_reviewed_research,direct_or_source_table
dupgrp_287508a24d66,rec_0164496dcf84,duplicate_collapsed,rec_6e8182b8fa8c,3,1.0,same DOI/material/form/sample and all overlapping measurements match,Dr4.7,XiaO_DATA.xlsx,123,10.1016/j.carbon.2022.04.040,Hierarchical structure control in solution spinning for strong and multifunctional carbon nanotube fibers,CNT_or_CNT_hybrid,fiber_yarn,excluded_duplicate,direct_or_source_table
dupgrp_287508a24d66,rec_6e8182b8fa8c,canonical,rec_6e8182b8fa8c,3,,,Densified Solution-Spun CNTF,RadarFigureSource.xlsx,23,10.1016/j.carbon.2022.04.040,Hierarchical structure control in solution spinning for strong and multifunctional carbon nanotube fibers,CNT_or_CNT_hybrid,fiber_yarn,peer_reviewed_research,direct_or_source_table
dupgrp_287508a24d66,rec_d4b7a10fead1,duplicate_collapsed,rec_6e8182b8fa8c,3,1.0,same DOI/material/form/sample and all overlapping measurements match,Densified Solution-Spun CNTF,RadarFigureSource.xlsx,24,10.1016/j.carbon.2022.04.040,Hierarchical structure control in solution spinning for strong and multifunctional carbon nanotube fibers,CNT_or_CNT_hybrid,fiber_yarn,excluded_duplicate,direct_or_source_table
dupgrp_723a0540cd1c,rec_eac6c8f16114,duplicate_collapsed,rec_de49803fd0b1,3,1.0,same DOI/material/form/sample and all overlapping measurements match,CARBON,XiaO_DATA.xlsx,124,10.1016/j.carbon.2021.04.033,Simultaneous improvements in conversion and properties of molecularly controlled CNT fibres,CNT_or_CNT_hybrid,fiber_yarn,excluded_duplicate,direct_or_source_table
dupgrp_723a0540cd1c,rec_cb0bfb4f8d4f,duplicate_collapsed,rec_de49803fd0b1,3,1.0,same DOI/material/form/sample and all overlapping measurements match,Direct-spun CNTF with optimized synthesis,RadarFigureSource.xlsx,28,10.1016/j.carbon.2021.04.033,Simultaneous improvements in conversion and properties of molecularly controlled CNT fibres,CNT_or_CNT_hybrid,fiber_yarn,excluded_duplicate,direct_or_source_table
dupgrp_723a0540cd1c,rec_de49803fd0b1,canonical,rec_de49803fd0b1,3,,,Direct-spun CNTF with optimized synthesis,RadarFigureSource.xlsx,30,10.1016/j.carbon.2021.04.033,Simultaneous improvements in conversion and properties of molecularly controlled CNT fibres,CNT_or_CNT_hybrid,fiber_yarn,peer_reviewed_research,direct_or_source_table
dupgrp_2da176ce44b9,rec_2f0baf2da45b,duplicate_collapsed,rec_17e504840936,2,1.0,same DOI/material/form/sample and all overlapping measurements match,High-strength CNTs,RadarFigureSource.xlsx,2,10.1126/science.adj1082,Carbon nanotube fibers with dynamic strength up to 14 GPa,CNT_or_CNT_hybrid,fiber_yarn,excluded_duplicate,direct_or_source_table
dupgrp_2da176ce44b9,rec_17e504840936,canonical,rec_17e504840936,2,,,High-strength CNTs,RadarFigureSource.xlsx,2,10.1126/science.adj1082,Carbon nanotube fibers with dynamic strength up to 14 GPa,CNT_or_CNT_hybrid,fiber_yarn,peer_reviewed_research,direct_or_source_table
dupgrp_953ac0eb8848,rec_6dd4e73b22e7,duplicate_collapsed,rec_59cf7f763eb0,2,1.0,same DOI/material/form/sample and all overlapping measurements match,CSA-CNTFs,RadarFigureSource.xlsx,3,10.1126/science.adj1082,Carbon nanotube fibers with dynamic strength up to 14 GPa,CNT_or_CNT_hybrid,fiber_yarn,excluded_duplicate,direct_or_source_table
dupgrp_953ac0eb8848,rec_59cf7f763eb0,canonical,rec_59cf7f763eb0,2,,,CSA-CNTFs,RadarFigureSource.xlsx,3,10.1126/science.adj1082,Carbon nanotube fibers with dynamic strength up to 14 GPa,CNT_or_CNT_hybrid,fiber_yarn,peer_reviewed_research,direct_or_source_table
dupgrp_11aabe1ba2e8,rec_a1096e0ad058,duplicate_collapsed,rec_8b0d923cca68,2,1.0,same DOI/material/form/sample and all overlapping measurements match,PBO-CNTFs,RadarFigureSource.xlsx,4,10.1126/science.adj1082,Carbon nanotube fibers with dynamic strength up to 14 GPa,CNT_or_CNT_hybrid,fiber_yarn,excluded_duplicate,direct_or_source_table
dupgrp_11aabe1ba2e8,rec_8b0d923cca68,canonical,rec_8b0d923cca68,2,,,PBO-CNTFs,RadarFigureSource.xlsx,4,10.1126/science.adj1082,Carbon nanotube fibers with dynamic strength up to 14 GPa,CNT_or_CNT_hybrid,fiber_yarn,peer_reviewed_research,direct_or_source_table
dupgrp_469b57f36a2a,rec_f8e2b6a26ecb,canonical,rec_f8e2b6a26ecb,2,,,D-PBO-CNTFs,RadarFigureSource.xlsx,5,10.1126/science.adj1082,Carbon nanotube fibers with dynamic strength up to 14 GPa,CNT_or_CNT_hybrid,fiber_yarn,peer_reviewed_research,direct_or_source_table
dupgrp_469b57f36a2a,rec_298366b15573,duplicate_collapsed,rec_f8e2b6a26ecb,2,1.0,same DOI/material/form/sample and all overlapping measurements match,D-PBO-CNTFs,RadarFigureSource.xlsx,5,10.1126/science.adj1082,Carbon nanotube fibers with dynamic strength up to 14 GPa,CNT_or_CNT_hybrid,fiber_yarn,excluded_duplicate,direct_or_source_table
dupgrp_75b6a57caf9a,rec_761c6bc971c3,duplicate_collapsed,rec_d98dd723f754,2,1.0,same DOI/material/form/sample and all overlapping measurements match,S·DWNT-Raw,RadarFigureSource.xlsx,20,10.1126/sciadv.abn0939,"Ultrahigh strength, modulus, and conductivity of graphitic fibers by macromolecular coalescence",CNT_or_CNT_hybrid,fiber_yarn,excluded_duplicate,direct_or_source_table
dupgrp_75b6a57caf9a,rec_d98dd723f754,canonical,rec_d98dd723f754,2,,,S·DWNT-Raw,RadarFigureSource.xlsx,21,10.1126/sciadv.abn0939,"Ultrahigh strength, modulus, and conductivity of graphitic fibers by macromolecular coalescence",CNT_or_CNT_hybrid,fiber_yarn,peer_reviewed_research,direct_or_source_table
dupgrp_a0b37027aa28,rec_89f55f0a07ca,canonical,rec_89f55f0a07ca,2,,,Densified VA-CNTF,RadarFigureSource.xlsx,37,10.1021/am401524q,Enhancing the Tensile Properties of Continuous Millimeter-Scale Carbon Nanotube Fibers by Densification,CNT_or_CNT_hybrid,fiber_yarn,peer_reviewed_research,direct_or_source_table
dupgrp_a0b37027aa28,rec_e7467a47c303,duplicate_collapsed,rec_89f55f0a07ca,2,1.0,same DOI/material/form/sample and all overlapping measurements match,Densified VA-CNTF,RadarFigureSource.xlsx,39,10.1021/am401524q,Enhancing the Tensile Properties of Continuous Millimeter-Scale Carbon Nanotube Fibers by Densification,CNT_or_CNT_hybrid,fiber_yarn,excluded_duplicate,direct_or_source_table
dupgrp_913dd9e2e663,rec_efa2660d5ba3,duplicate_collapsed,rec_adad7b32be1c,2,0.875,same DOI/material/form cross-source extraction with matching numeric profile,Liquid Spun and Doped,RadarFigureSource.xlsx,41,10.1126/science.aeb0673,Intercalated carbon nanotube fibers with high specific electrical conductivity,CNT_or_CNT_hybrid,fiber_yarn,excluded_duplicate,direct_or_source_table
dupgrp_913dd9e2e663,rec_adad7b32be1c,canonical,rec_adad7b32be1c,2,,,AlCl4-intercalated DWCNT fiber highest,literature_addendum_records.tsv,4,10.1126/science.aeb0673,Intercalated carbon nanotube fibers with high specific electrical conductivity,CNT_or_CNT_hybrid,fiber_yarn,peer_reviewed_research,direct_or_source_table
dupgrp_db4fb9babbe5,rec_de5eeb0600cc,canonical,rec_de5eeb0600cc,2,,,Before Acetone,20210409_Metaanalysis_database.xlsx,421,10.1088/0957-4484/21/4/045708,Carbon nanotube yarns with high tensile strength made by a twisting and shrinking method,CNT_or_CNT_hybrid,fiber_yarn,peer_reviewed_research,secondary_meta_analysis
dupgrp_db4fb9babbe5,rec_e5830efea682,duplicate_collapsed,rec_de5eeb0600cc,2,1.0,same DOI/material/form/sample and all overlapping measurements match,After condensation,20210409_Metaanalysis_database.xlsx,429,10.1088/0957-4484/21/4/045708,Carbon nanotube yarns with high tensile strength made by a twisting and shrinking method,CNT_or_CNT_hybrid,fiber_yarn,excluded_duplicate,secondary_meta_analysis
dupgrp_75c6de0fe0f2,rec_fc60588e4db3,canonical,rec_fc60588e4db3,2,,,Superacid Extrusion,20210409_Metaanalysis_database.xlsx,637,10.1002/adfm.201303865,High‐Ampacity Power Cables of Tightly‐Packed and Aligned Carbon Nanotubes,CNT_or_CNT_hybrid,fiber_yarn,peer_reviewed_research,secondary_meta_analysis
dupgrp_75c6de0fe0f2,rec_f288cf077a35,duplicate_collapsed,rec_fc60588e4db3,2,1.0,same DOI/material/form/sample and all overlapping measurements match,Superacid Extrusion,20210409_Metaanalysis_database.xlsx,641,10.1002/adfm.201303865,High‐Ampacity Power Cables of Tightly‐Packed and Aligned Carbon Nanotubes,CNT_or_CNT_hybrid,fiber_yarn,excluded_duplicate,secondary_meta_analysis
dupgrp_c78760194441,rec_b7367dd2b0c7,canonical,rec_b7367dd2b0c7,2,,,NMP7,20210409_Metaanalysis_database.xlsx,961,10.1016/j.carbon.2018.04.071,"Hierarchical structure of carbon nanotube fibers, and the change of structure during densification by wet stretching",CNT_or_CNT_hybrid,fiber_yarn,peer_reviewed_research,secondary_meta_analysis
dupgrp_c78760194441,rec_7a00d57cd408,duplicate_collapsed,rec_b7367dd2b0c7,2,1.0,same DOI/material/form/sample and all overlapping measurements match,NMP0,20210409_Metaanalysis_database.xlsx,962,10.1016/j.carbon.2018.04.071,"Hierarchical structure of carbon nanotube fibers, and the change of structure during densification by wet stretching",CNT_or_CNT_hybrid,fiber_yarn,excluded_duplicate,secondary_meta_analysis
dupgrp_b3005e84360e,rec_6c5f620bd040,canonical,rec_6c5f620bd040,2,,,Aligned Few-wall CNTs 2019,20210409_Metaanalysis_database.xlsx,1008,10.1038/s41467-019-10998-0,Direct spinning and densification method for high-performance carbon nanotube fibers,CNT_or_CNT_hybrid,fiber_yarn,peer_reviewed_research,secondary_meta_analysis
dupgrp_b3005e84360e,rec_0ba6139779a5,duplicate_collapsed,rec_6c5f620bd040,2,1.0,same DOI/material/form/sample and all overlapping measurements match,Aligned Few-wall CNTs 2019,20210409_Metaanalysis_database.xlsx,1012,10.1038/s41467-019-10998-0,Direct spinning and densification method for high-performance carbon nanotube fibers,CNT_or_CNT_hybrid,fiber_yarn,excluded_duplicate,secondary_meta_analysis
dupgrp_1febac41fc9f,rec_2e71dacc7eed,canonical,rec_2e71dacc7eed,2,,,Aligned Few-wall CNTs 2019,20210409_Metaanalysis_database.xlsx,1011,10.1038/s41467-019-10998-0,Direct spinning and densification method for high-performance carbon nanotube fibers,CNT_or_CNT_hybrid,fiber_yarn,peer_reviewed_research,secondary_meta_analysis
dupgrp_1febac41fc9f,rec_3b3af303fad1,duplicate_collapsed,rec_2e71dacc7eed,2,1.0,same DOI/material/form/sample and all overlapping measurements match,Aligned Few-wall CNTs 2019,20210409_Metaanalysis_database.xlsx,1014,10.1038/s41467-019-10998-0,Direct spinning and densification method for high-performance carbon nanotube fibers,CNT_or_CNT_hybrid,fiber_yarn,excluded_duplicate,secondary_meta_analysis
dupgrp_1b1d344080f8,rec_e22aa65f1bf7,canonical,rec_e22aa65f1bf7,5,,,Aligned Multiwall CNTs 2019,20210409_Metaanalysis_database.xlsx,1168,10.1016/j.carbon.2018.11.036,Tailoring physical properties of carbon nanotube threads during assembly,CNT_or_CNT_hybrid,fiber_yarn,peer_reviewed_research,secondary_meta_analysis
dupgrp_1b1d344080f8,rec_666fd72a46a3,duplicate_collapsed,rec_e22aa65f1bf7,5,1.0,same DOI/material/form/sample and all overlapping measurements match,Aligned Multiwall CNTs 2019,20210409_Metaanalysis_database.xlsx,1174,10.1016/j.carbon.2018.11.036,Tailoring physical properties of carbon nanotube threads during assembly,CNT_or_CNT_hybrid,fiber_yarn,excluded_duplicate,secondary_meta_analysis
dupgrp_1b1d344080f8,rec_2f2ae00399b8,duplicate_collapsed,rec_e22aa65f1bf7,5,1.0,same DOI/material/form/sample and all overlapping measurements match,Aligned Multiwall CNTs 2019,20210409_Metaanalysis_database.xlsx,1178,10.1016/j.carbon.2018.11.036,Tailoring physical properties of carbon nanotube threads during assembly,CNT_or_CNT_hybrid,fiber_yarn,excluded_duplicate,secondary_meta_analysis
dupgrp_1b1d344080f8,rec_bd8047bb044d,duplicate_collapsed,rec_e22aa65f1bf7,5,1.0,same DOI/material/form/sample and all overlapping measurements match,Aligned Multiwall CNTs 2019,20210409_Metaanalysis_database.xlsx,1185,10.1016/j.carbon.2018.11.036,Tailoring physical properties of carbon nanotube threads during assembly,CNT_or_CNT_hybrid,fiber_yarn,excluded_duplicate,secondary_meta_analysis
dupgrp_1b1d344080f8,rec_1b1c9be98d75,duplicate_collapsed,rec_e22aa65f1bf7,5,1.0,same DOI/material/form/sample and all overlapping measurements match,Aligned Multiwall CNTs 2019,20210409_Metaanalysis_database.xlsx,1188,10.1016/j.carbon.2018.11.036,Tailoring physical properties of carbon nanotube threads during assembly,CNT_or_CNT_hybrid,fiber_yarn,excluded_duplicate,secondary_meta_analysis
dupgrp_87349fcd0580,rec_12bb731090e4,duplicate_collapsed,rec_863819adda2a,2,1.0,same DOI/material/form/sample and all overlapping measurements match,Aligned Multiwall CNTs 2019,20210409_Metaanalysis_database.xlsx,1169,10.1016/j.carbon.2018.11.036,Tailoring physical properties of carbon nanotube threads during assembly,CNT_or_CNT_hybrid,fiber_yarn,excluded_duplicate,secondary_meta_analysis
dupgrp_87349fcd0580,rec_863819adda2a,canonical,rec_863819adda2a,2,,,Aligned Multiwall CNTs 2019,20210409_Metaanalysis_database.xlsx,1175,10.1016/j.carbon.2018.11.036,Tailoring physical properties of carbon nanotube threads during assembly,CNT_or_CNT_hybrid,fiber_yarn,peer_reviewed_research,secondary_meta_analysis
dupgrp_29600e51b705,rec_2671420f92f7,canonical,rec_2671420f92f7,3,,,Aligned Multiwall CNTs 2019,20210409_Metaanalysis_database.xlsx,1170,10.1016/j.carbon.2018.11.036,Tailoring physical properties of carbon nanotube threads during assembly,CNT_or_CNT_hybrid,fiber_yarn,peer_reviewed_research,secondary_meta_analysis
dupgrp_29600e51b705,rec_9cce09ae34b6,duplicate_collapsed,rec_2671420f92f7,3,1.0,same DOI/material/form/sample and all overlapping measurements match,Aligned Multiwall CNTs 2019,20210409_Metaanalysis_database.xlsx,1176,10.1016/j.carbon.2018.11.036,Tailoring physical properties of carbon nanotube threads during assembly,CNT_or_CNT_hybrid,fiber_yarn,excluded_duplicate,secondary_meta_analysis
dupgrp_29600e51b705,rec_4e10ebd81461,duplicate_collapsed,rec_2671420f92f7,3,1.0,same DOI/material/form/sample and all overlapping measurements match,Aligned Multiwall CNTs 2019,20210409_Metaanalysis_database.xlsx,1191,10.1016/j.carbon.2018.11.036,Tailoring physical properties of carbon nanotube threads during assembly,CNT_or_CNT_hybrid,fiber_yarn,excluded_duplicate,secondary_meta_analysis
dupgrp_ef6329431abc,rec_a110d4bbcb11,canonical,rec_a110d4bbcb11,2,,,Aligned Multiwall CNTs 2019,20210409_Metaanalysis_database.xlsx,1171,10.1016/j.carbon.2018.11.036,Tailoring physical properties of carbon nanotube threads during assembly,CNT_or_CNT_hybrid,fiber_yarn,peer_reviewed_research,secondary_meta_analysis
dupgrp_ef6329431abc,rec_f0d2e9196804,duplicate_collapsed,rec_a110d4bbcb11,2,1.0,same DOI/material/form/sample and all overlapping measurements match,Aligned Multiwall CNTs 2019,20210409_Metaanalysis_database.xlsx,1190,10.1016/j.carbon.2018.11.036,Tailoring physical properties of carbon nanotube threads during assembly,CNT_or_CNT_hybrid,fiber_yarn,excluded_duplicate,secondary_meta_analysis
dupgrp_5d19db7ac60d,rec_389d32d3ea37,canonical,rec_389d32d3ea37,3,,,Aligned Multiwall CNTs 2019,20210409_Metaanalysis_database.xlsx,1182,10.1016/j.carbon.2018.11.036,Tailoring physical properties of carbon nanotube threads during assembly,CNT_or_CNT_hybrid,fiber_yarn,peer_reviewed_research,secondary_meta_analysis
dupgrp_5d19db7ac60d,rec_114e30d0a938,duplicate_collapsed,rec_389d32d3ea37,3,1.0,same DOI/material/form/sample and all overlapping measurements match,Aligned Multiwall CNTs 2019,20210409_Metaanalysis_database.xlsx,1183,10.1016/j.carbon.2018.11.036,Tailoring physical properties of carbon nanotube threads during assembly,CNT_or_CNT_hybrid,fiber_yarn,excluded_duplicate,secondary_meta_analysis
dupgrp_5d19db7ac60d,rec_bfd7eeeb3503,duplicate_collapsed,rec_389d32d3ea37,3,1.0,same DOI/material/form/sample and all overlapping measurements match,Aligned Multiwall CNTs 2019,20210409_Metaanalysis_database.xlsx,1189,10.1016/j.carbon.2018.11.036,Tailoring physical properties of carbon nanotube threads during assembly,CNT_or_CNT_hybrid,fiber_yarn,excluded_duplicate,secondary_meta_analysis
dupgrp_2c5ae41b44aa,rec_213fa692aee2,canonical,rec_213fa692aee2,2,,,Aligned Multiwall CNTs 2020,20210409_Metaanalysis_database.xlsx,1206,10.1016/j.matdes.2019.108463,Influence of transverse compression on axial electromechanical properties of carbon nanotube fibers,CNT_or_CNT_hybrid,fiber_yarn,peer_reviewed_research,secondary_meta_analysis
dupgrp_2c5ae41b44aa,rec_5d1710ea671f,duplicate_collapsed,rec_213fa692aee2,2,1.0,same DOI/material/form/sample and all overlapping measurements match,Aligned Multiwall CNTs 2020,20210409_Metaanalysis_database.xlsx,1207,10.1016/j.matdes.2019.108463,Influence of transverse compression on axial electromechanical properties of carbon nanotube fibers,CNT_or_CNT_hybrid,fiber_yarn,excluded_duplicate,secondary_meta_analysis
dupgrp_e4b27c517601,rec_6c60fbd6520c,canonical,rec_6c60fbd6520c,2,,,As-is,20210409_Metaanalysis_database.xlsx,1243,10.1021/acsami.9b19861,Super-Strong Carbon Nanotube Fibers Achieved by Engineering Gas Flow and Postsynthesis Treatment,CNT_or_CNT_hybrid,fiber_yarn,peer_reviewed_research,secondary_meta_analysis
dupgrp_e4b27c517601,rec_a60b97ef72ac,duplicate_collapsed,rec_6c60fbd6520c,2,1.0,same DOI/material/form/sample and all overlapping measurements match,Pristine,20210409_Metaanalysis_database.xlsx,1248,10.1021/acsami.9b19861,Super-Strong Carbon Nanotube Fibers Achieved by Engineering Gas Flow and Postsynthesis Treatment,CNT_or_CNT_hybrid,fiber_yarn,excluded_duplicate,secondary_meta_analysis
dupgrp_336d9d78f9bf,rec_b450e9973c9c,canonical,rec_b450e9973c9c,6,,,"6 wall tube, sequentially broken, values estiamted-- All tubes are electrically connected, density estimated 2.1 g/cm3",20210409_Metaanalysis_database.xlsx,287,10.1103/physrevlett.94.236802,Atomic-Scale Imaging of Wall-by-Wall Breakdown and Concurrent Transport Measurements in Multiwall Carbon Nanotubes,CNT_or_CNT_hybrid,individual_nanotube_or_bundle,peer_reviewed_research,secondary_meta_analysis
dupgrp_336d9d78f9bf,rec_a7c2fbb9aa92,duplicate_collapsed,rec_b450e9973c9c,6,1.0,same DOI/material/form/sample and all overlapping measurements match,"6 wall tube, sequentially broken, values estiamted-- All tubes are electrically connected, density estimated 2.1 g/cm3",20210409_Metaanalysis_database.xlsx,288,10.1103/physrevlett.94.236802,Atomic-Scale Imaging of Wall-by-Wall Breakdown and Concurrent Transport Measurements in Multiwall Carbon Nanotubes,CNT_or_CNT_hybrid,individual_nanotube_or_bundle,excluded_duplicate,secondary_meta_analysis
dupgrp_336d9d78f9bf,rec_5c3865aea62f,duplicate_collapsed,rec_b450e9973c9c,6,1.0,same DOI/material/form/sample and all overlapping measurements match,"6 wall tube, sequentially broken, values estiamted-- All tubes are electrically connected, density estimated 2.1 g/cm3",20210409_Metaanalysis_database.xlsx,289,10.1103/physrevlett.94.236802,Atomic-Scale Imaging of Wall-by-Wall Breakdown and Concurrent Transport Measurements in Multiwall Carbon Nanotubes,CNT_or_CNT_hybrid,individual_nanotube_or_bundle,excluded_duplicate,secondary_meta_analysis
dupgrp_336d9d78f9bf,rec_d6eb783c4320,duplicate_collapsed,rec_b450e9973c9c,6,1.0,same DOI/material/form/sample and all overlapping measurements match,"6 wall tube, sequentially broken, values estiamted-- All tubes are electrically connected, density estimated 2.1 g/cm3",20210409_Metaanalysis_database.xlsx,290,10.1103/physrevlett.94.236802,Atomic-Scale Imaging of Wall-by-Wall Breakdown and Concurrent Transport Measurements in Multiwall Carbon Nanotubes,CNT_or_CNT_hybrid,individual_nanotube_or_bundle,excluded_duplicate,secondary_meta_analysis
dupgrp_336d9d78f9bf,rec_edf3e557fa9f,duplicate_collapsed,rec_b450e9973c9c,6,1.0,same DOI/material/form/sample and all overlapping measurements match,"6 wall tube, sequentially broken, values estiamted-- All tubes are electrically connected, density estimated 2.1 g/cm3",20210409_Metaanalysis_database.xlsx,291,10.1103/physrevlett.94.236802,Atomic-Scale Imaging of Wall-by-Wall Breakdown and Concurrent Transport Measurements in Multiwall Carbon Nanotubes,CNT_or_CNT_hybrid,individual_nanotube_or_bundle,excluded_duplicate,secondary_meta_analysis
dupgrp_336d9d78f9bf,rec_6f3a79344136,duplicate_collapsed,rec_b450e9973c9c,6,1.0,same DOI/material/form/sample and all overlapping measurements match,"6 wall tube, sequentially broken, values estiamted-- All tubes are electrically connected, density estimated 2.1 g/cm3",20210409_Metaanalysis_database.xlsx,292,10.1103/physrevlett.94.236802,Atomic-Scale Imaging of Wall-by-Wall Breakdown and Concurrent Transport Measurements in Multiwall Carbon Nanotubes,CNT_or_CNT_hybrid,individual_nanotube_or_bundle,excluded_duplicate,secondary_meta_analysis
dupgrp_07352e7187bb,rec_89f49e6c3d4f,canonical,rec_89f49e6c3d4f,4,,,individual MWCNT,20210409_Metaanalysis_database.xlsx,294,10.1021/jp063660k,Determination of Carbon Nanotube Density by Gradient Sedimentation,CNT_or_CNT_hybrid,individual_nanotube_or_bundle,peer_reviewed_research,secondary_meta_analysis
dupgrp_07352e7187bb,rec_f3996dc21af6,duplicate_collapsed,rec_89f49e6c3d4f,4,1.0,same DOI/material/form/sample and all overlapping measurements match,individual MWCNT,20210409_Metaanalysis_database.xlsx,295,10.1021/jp063660k,Determination of Carbon Nanotube Density by Gradient Sedimentation,CNT_or_CNT_hybrid,individual_nanotube_or_bundle,excluded_duplicate,secondary_meta_analysis
dupgrp_07352e7187bb,rec_6e1af6bd68ff,duplicate_collapsed,rec_89f49e6c3d4f,4,1.0,same DOI/material/form/sample and all overlapping measurements match,individual FWCNT,20210409_Metaanalysis_database.xlsx,296,10.1021/jp063660k,Determination of Carbon Nanotube Density by Gradient Sedimentation,CNT_or_CNT_hybrid,individual_nanotube_or_bundle,excluded_duplicate,secondary_meta_analysis
dupgrp_07352e7187bb,rec_16e35b6100ea,duplicate_collapsed,rec_89f49e6c3d4f,4,1.0,same DOI/material/form/sample and all overlapping measurements match,Individual Multiwall CNTs 2005,20210409_Metaanalysis_database.xlsx,301,10.1021/jp063660k,Determination of Carbon Nanotube Density by Gradient Sedimentation,CNT_or_CNT_hybrid,individual_nanotube_or_bundle,excluded_duplicate,secondary_meta_analysis
dupgrp_33a95a679486,rec_0400bb2b4046,canonical,rec_0400bb2b4046,2,,,forest length in microns 389.473684210526,20210409_Metaanalysis_database.xlsx,453,10.1088/0953-8984/22/33/334221,Structure and process-dependent properties of solid-state spun carbon nanotube yarns,CNT_or_CNT_hybrid,forest_array,peer_reviewed_research,secondary_meta_analysis
dupgrp_33a95a679486,rec_45d49f921b6f,duplicate_collapsed,rec_0400bb2b4046,2,1.0,same DOI/material/form/sample and all overlapping measurements match,Forest height 350 microns,20210409_Metaanalysis_database.xlsx,454,10.1088/0953-8984/22/33/334221,Structure and process-dependent properties of solid-state spun carbon nanotube yarns,CNT_or_CNT_hybrid,forest_array,excluded_duplicate,secondary_meta_analysis
dupgrp_392b15712c47,rec_2f26ca55c0d4,canonical,rec_2f26ca55c0d4,2,,,Forest height 350 microns,20210409_Metaanalysis_database.xlsx,455,10.1088/0953-8984/22/33/334221,Structure and process-dependent properties of solid-state spun carbon nanotube yarns,CNT_or_CNT_hybrid,forest_array,peer_reviewed_research,secondary_meta_analysis
dupgrp_392b15712c47,rec_909bb1d3691b,duplicate_collapsed,rec_2f26ca55c0d4,2,1.0,same DOI/material/form/sample and all overlapping measurements match,Forest height 350 microns,20210409_Metaanalysis_database.xlsx,456,10.1088/0953-8984/22/33/334221,Structure and process-dependent properties of solid-state spun carbon nanotube yarns,CNT_or_CNT_hybrid,forest_array,excluded_duplicate,secondary_meta_analysis
dupgrp_c547c6d6d048,rec_513b4b10288d,duplicate_collapsed,rec_ef06dc2cdacc,4,1.0,same DOI/material/form/sample and all overlapping measurements match,Vesco/ Schultz at UC,20210409_Metaanalysis_database.xlsx,557,10.1016/j.carbon.2011.08.041,Thermal and electrical conductivity of array-spun multi-walled carbon nanotube yarns,CNT_or_CNT_hybrid,forest_array,excluded_duplicate,secondary_meta_analysis
dupgrp_c547c6d6d048,rec_6fe3b3b6acf3,duplicate_collapsed,rec_ef06dc2cdacc,4,1.0,same DOI/material/form/sample and all overlapping measurements match,Vesco/ Schultz at UC,20210409_Metaanalysis_database.xlsx,558,10.1016/j.carbon.2011.08.041,Thermal and electrical conductivity of array-spun multi-walled carbon nanotube yarns,CNT_or_CNT_hybrid,forest_array,excluded_duplicate,secondary_meta_analysis
dupgrp_c547c6d6d048,rec_8739a02fa642,duplicate_collapsed,rec_ef06dc2cdacc,4,1.0,same DOI/material/form/sample and all overlapping measurements match,Vesco/ Schultz at UC,20210409_Metaanalysis_database.xlsx,560,10.1016/j.carbon.2011.08.041,Thermal and electrical conductivity of array-spun multi-walled carbon nanotube yarns,CNT_or_CNT_hybrid,forest_array,excluded_duplicate,secondary_meta_analysis
dupgrp_c547c6d6d048,rec_ef06dc2cdacc,canonical,rec_ef06dc2cdacc,4,,,Vesco/ Schultz at UC,20210409_Metaanalysis_database.xlsx,563,10.1016/j.carbon.2011.08.041,Thermal and electrical conductivity of array-spun multi-walled carbon nanotube yarns,CNT_or_CNT_hybrid,forest_array,peer_reviewed_research,secondary_meta_analysis
dupgrp_786ab9f0d83b,rec_099cfbd65af3,canonical,rec_099cfbd65af3,2,,,"NanoInegris material, films were between 80 to 100 nm, took 100 nm in all cases to calculate conductivity",20210409_Metaanalysis_database.xlsx,575,10.1063/1.4739713,Ion irradiation of electronic-type-separated single wall carbon nanotubes: A model for radiation effects in nanostructured carbon,CNT_or_CNT_hybrid,sheet_mat_film,peer_reviewed_research,secondary_meta_analysis
dupgrp_786ab9f0d83b,rec_2e615999c0e9,duplicate_collapsed,rec_099cfbd65af3,2,1.0,same DOI/material/form/sample and all overlapping measurements match,"NanoInegris material, films were between 80 to 100 nm, took 100 nm in all cases to calculate conductivity",20210409_Metaanalysis_database.xlsx,589,10.1063/1.4739713,Ion irradiation of electronic-type-separated single wall carbon nanotubes: A model for radiation effects in nanostructured carbon,CNT_or_CNT_hybrid,sheet_mat_film,excluded_duplicate,secondary_meta_analysis
dupgrp_83766cbaf610,rec_900a10ef5ea4,canonical,rec_900a10ef5ea4,2,,,"NanoInegris material, films were between 80 to 100 nm, took 100 nm in all cases to calculate conductivity",20210409_Metaanalysis_database.xlsx,576,10.1063/1.4739713,Ion irradiation of electronic-type-separated single wall carbon nanotubes: A model for radiation effects in nanostructured carbon,CNT_or_CNT_hybrid,sheet_mat_film,peer_reviewed_research,secondary_meta_analysis
dupgrp_83766cbaf610,rec_bd67e4d1ff00,duplicate_collapsed,rec_900a10ef5ea4,2,1.0,same DOI/material/form/sample and all overlapping measurements match,"NanoInegris material, films were between 80 to 100 nm, took 100 nm in all cases to calculate conductivity",20210409_Metaanalysis_database.xlsx,590,10.1063/1.4739713,Ion irradiation of electronic-type-separated single wall carbon nanotubes: A model for radiation effects in nanostructured carbon,CNT_or_CNT_hybrid,sheet_mat_film,excluded_duplicate,secondary_meta_analysis
dupgrp_85728625cc33,rec_fd9cd0e4ceac,canonical,rec_fd9cd0e4ceac,2,,,"NanoInegris material, films were between 80 to 100 nm, took 100 nm in all cases to calculate conductivity",20210409_Metaanalysis_database.xlsx,577,10.1063/1.4739713,Ion irradiation of electronic-type-separated single wall carbon nanotubes: A model for radiation effects in nanostructured carbon,CNT_or_CNT_hybrid,sheet_mat_film,peer_reviewed_research,secondary_meta_analysis
dupgrp_85728625cc33,rec_f8acdc217a2d,duplicate_collapsed,rec_fd9cd0e4ceac,2,1.0,same DOI/material/form/sample and all overlapping measurements match,"NanoInegris material, films were between 80 to 100 nm, took 100 nm in all cases to calculate conductivity",20210409_Metaanalysis_database.xlsx,591,10.1063/1.4739713,Ion irradiation of electronic-type-separated single wall carbon nanotubes: A model for radiation effects in nanostructured carbon,CNT_or_CNT_hybrid,sheet_mat_film,excluded_duplicate,secondary_meta_analysis
dupgrp_45d0848ac5ee,rec_15fef9fd5712,canonical,rec_15fef9fd5712,2,,,"NanoInegris material, films were between 80 to 100 nm, took 100 nm in all cases to calculate conductivity",20210409_Metaanalysis_database.xlsx,578,10.1063/1.4739713,Ion irradiation of electronic-type-separated single wall carbon nanotubes: A model for radiation effects in nanostructured carbon,CNT_or_CNT_hybrid,sheet_mat_film,peer_reviewed_research,secondary_meta_analysis
dupgrp_45d0848ac5ee,rec_262666f956c9,duplicate_collapsed,rec_15fef9fd5712,2,1.0,same DOI/material/form/sample and all overlapping measurements match,"NanoInegris material, films were between 80 to 100 nm, took 100 nm in all cases to calculate conductivity",20210409_Metaanalysis_database.xlsx,592,10.1063/1.4739713,Ion irradiation of electronic-type-separated single wall carbon nanotubes: A model for radiation effects in nanostructured carbon,CNT_or_CNT_hybrid,sheet_mat_film,excluded_duplicate,secondary_meta_analysis
dupgrp_e5aa210f7314,rec_bdcb9104f1b5,canonical,rec_bdcb9104f1b5,2,,,"NanoInegris material, films were between 80 to 100 nm, took 100 nm in all cases to calculate conductivity",20210409_Metaanalysis_database.xlsx,579,10.1063/1.4739713,Ion irradiation of electronic-type-separated single wall carbon nanotubes: A model for radiation effects in nanostructured carbon,CNT_or_CNT_hybrid,sheet_mat_film,peer_reviewed_research,secondary_meta_analysis
dupgrp_e5aa210f7314,rec_10034ceefe4c,duplicate_collapsed,rec_bdcb9104f1b5,2,1.0,same DOI/material/form/sample and all overlapping measurements match,"NanoInegris material, films were between 80 to 100 nm, took 100 nm in all cases to calculate conductivity",20210409_Metaanalysis_database.xlsx,593,10.1063/1.4739713,Ion irradiation of electronic-type-separated single wall carbon nanotubes: A model for radiation effects in nanostructured carbon,CNT_or_CNT_hybrid,sheet_mat_film,excluded_duplicate,secondary_meta_analysis
dupgrp_fcee0abeda9b,rec_029cc6f49fb3,canonical,rec_029cc6f49fb3,2,,,"NanoInegris material, films were between 80 to 100 nm, took 100 nm in all cases to calculate conductivity",20210409_Metaanalysis_database.xlsx,580,10.1063/1.4739713,Ion irradiation of electronic-type-separated single wall carbon nanotubes: A model for radiation effects in nanostructured carbon,CNT_or_CNT_hybrid,sheet_mat_film,peer_reviewed_research,secondary_meta_analysis
dupgrp_fcee0abeda9b,rec_fe81b5f19f92,duplicate_collapsed,rec_029cc6f49fb3,2,1.0,same DOI/material/form/sample and all overlapping measurements match,"NanoInegris material, films were between 80 to 100 nm, took 100 nm in all cases to calculate conductivity",20210409_Metaanalysis_database.xlsx,594,10.1063/1.4739713,Ion irradiation of electronic-type-separated single wall carbon nanotubes: A model for radiation effects in nanostructured carbon,CNT_or_CNT_hybrid,sheet_mat_film,excluded_duplicate,secondary_meta_analysis
dupgrp_246ff535e4a6,rec_785d2f6bb760,canonical,rec_785d2f6bb760,2,,,Nitric sulfuric acid 15 min,20210409_Metaanalysis_database.xlsx,1050,10.1016/j.carbon.2018.12.041,How to overcome the electrical conductivity limitation of carbon nanotube yarns drawn from carbon nanotube arrays,CNT_or_CNT_hybrid,forest_array,peer_reviewed_research,secondary_meta_analysis
dupgrp_246ff535e4a6,rec_b1eda1737719,duplicate_collapsed,rec_785d2f6bb760,2,1.0,same DOI/material/form/sample and all overlapping measurements match,Nitric sulfuric acid 4 hours,20210409_Metaanalysis_database.xlsx,1051,10.1016/j.carbon.2018.12.041,How to overcome the electrical conductivity limitation of carbon nanotube yarns drawn from carbon nanotube arrays,CNT_or_CNT_hybrid,forest_array,excluded_duplicate,secondary_meta_analysis
dupgrp_ad99e721842b,rec_0d22ed92b93e,canonical,rec_0d22ed92b93e,7,,,Aligned Few-wall CNTs 2020,20210409_Metaanalysis_database.xlsx,1255,10.1002/adma.202004277,Transparent and Freestanding Single‐Walled Carbon Nanotube Films Synthesized Directly and Continuously via a Blown Aerosol Technique,CNT_or_CNT_hybrid,sheet_mat_film,peer_reviewed_research,secondary_meta_analysis
dupgrp_ad99e721842b,rec_c70cf4c37a69,duplicate_collapsed,rec_0d22ed92b93e,7,1.0,same DOI/material/form/sample and all overlapping measurements match,Aligned Few-wall CNTs 2020,20210409_Metaanalysis_database.xlsx,1256,10.1002/adma.202004277,Transparent and Freestanding Single‐Walled Carbon Nanotube Films Synthesized Directly and Continuously via a Blown Aerosol Technique,CNT_or_CNT_hybrid,sheet_mat_film,excluded_duplicate,secondary_meta_analysis
dupgrp_ad99e721842b,rec_e011cbf54175,duplicate_collapsed,rec_0d22ed92b93e,7,1.0,same DOI/material/form/sample and all overlapping measurements match,Aligned Few-wall CNTs 2020,20210409_Metaanalysis_database.xlsx,1259,10.1002/adma.202004277,Transparent and Freestanding Single‐Walled Carbon Nanotube Films Synthesized Directly and Continuously via a Blown Aerosol Technique,CNT_or_CNT_hybrid,sheet_mat_film,excluded_duplicate,secondary_meta_analysis
dupgrp_ad99e721842b,rec_27b6155fab6b,duplicate_collapsed,rec_0d22ed92b93e,7,1.0,same DOI/material/form/sample and all overlapping measurements match,Aligned Few-wall CNTs 2020,20210409_Metaanalysis_database.xlsx,1260,10.1002/adma.202004277,Transparent and Freestanding Single‐Walled Carbon Nanotube Films Synthesized Directly and Continuously via a Blown Aerosol Technique,CNT_or_CNT_hybrid,sheet_mat_film,excluded_duplicate,secondary_meta_analysis
dupgrp_ad99e721842b,rec_dedb7d10e5b1,duplicate_collapsed,rec_0d22ed92b93e,7,1.0,same DOI/material/form/sample and all overlapping measurements match,Aligned Few-wall CNTs 2020,20210409_Metaanalysis_database.xlsx,1261,10.1002/adma.202004277,Transparent and Freestanding Single‐Walled Carbon Nanotube Films Synthesized Directly and Continuously via a Blown Aerosol Technique,CNT_or_CNT_hybrid,sheet_mat_film,excluded_duplicate,secondary_meta_analysis
dupgrp_ad99e721842b,rec_a8119f4ac7d7,duplicate_collapsed,rec_0d22ed92b93e,7,1.0,same DOI/material/form/sample and all overlapping measurements match,Aligned Few-wall CNTs 2020,20210409_Metaanalysis_database.xlsx,1262,10.1002/adma.202004277,Transparent and Freestanding Single‐Walled Carbon Nanotube Films Synthesized Directly and Continuously via a Blown Aerosol Technique,CNT_or_CNT_hybrid,sheet_mat_film,excluded_duplicate,secondary_meta_analysis
dupgrp_ad99e721842b,rec_fc90b66a87f8,duplicate_collapsed,rec_0d22ed92b93e,7,1.0,same DOI/material/form/sample and all overlapping measurements match,Aligned Few-wall CNTs 2020,20210409_Metaanalysis_database.xlsx,1263,10.1002/adma.202004277,Transparent and Freestanding Single‐Walled Carbon Nanotube Films Synthesized Directly and Continuously via a Blown Aerosol Technique,CNT_or_CNT_hybrid,sheet_mat_film,excluded_duplicate,secondary_meta_analysis
dupgrp_501c27b25123,rec_ed0f1f80e505,canonical,rec_ed0f1f80e505,2,,,Aligned Few-wall CNTs 2020,20210409_Metaanalysis_database.xlsx,1257,10.1002/adma.202004277,Transparent and Freestanding Single‐Walled Carbon Nanotube Films Synthesized Directly and Continuously via a Blown Aerosol Technique,CNT_or_CNT_hybrid,sheet_mat_film,peer_reviewed_research,secondary_meta_analysis
dupgrp_501c27b25123,rec_9f20b87931f3,duplicate_collapsed,rec_ed0f1f80e505,2,1.0,same DOI/material/form/sample and all overlapping measurements match,Aligned Few-wall CNTs 2020,20210409_Metaanalysis_database.xlsx,1258,10.1002/adma.202004277,Transparent and Freestanding Single‐Walled Carbon Nanotube Films Synthesized Directly and Continuously via a Blown Aerosol Technique,CNT_or_CNT_hybrid,sheet_mat_film,excluded_duplicate,secondary_meta_analysis
dupgrp_ade10bd18756,rec_904397bb8630,duplicate_collapsed,rec_4f786dd24b06,2,1.0,same DOI/material/form cross-source extraction with matching numeric profile,Solution Spun,RadarFigureSource.xlsx,65,10.1038/s41563-025-02384-7,High-performance graphene-based carbon fibres prepared at room temperature via domain folding,graphene_or_GO_fiber,fiber_yarn,excluded_duplicate,direct_or_source_table
dupgrp_ade10bd18756,rec_4f786dd24b06,canonical,rec_4f786dd24b06,2,,,domain-folded graphene fibre; Nature Materials publication verified,New G fibre table Juan.xlsx,6,10.1038/s41563-025-02384-7,High-performance graphene-based carbon fibres prepared at room temperature via domain folding,graphene_or_GO_fiber,fiber_yarn,peer_reviewed_research,direct_or_source_table
dupgrp_526d665fc34c,rec_a51dcb53a75f,canonical,rec_a51dcb53a75f,2,,,NH3:C2H2(4:1) at 4 torr,20210409_Metaanalysis_database.xlsx,326,10.1063/1.2743086,Current-induced breakdown of carbon nanofibers,carbon_fiber_comparator,fiber_yarn,peer_reviewed_contextual_comparator,secondary_meta_analysis
dupgrp_526d665fc34c,rec_0d038bd96c74,duplicate_collapsed,rec_a51dcb53a75f,2,1.0,same DOI/material/form/sample and all overlapping measurements match,NH3:C2H2(4:1) at 4 torr,20210409_Metaanalysis_database.xlsx,329,10.1063/1.2743086,Current-induced breakdown of carbon nanofibers,carbon_fiber_comparator,fiber_yarn,excluded_duplicate,secondary_meta_analysis
dupgrp_d48851d75b48,rec_a8e9b0852f10,duplicate_collapsed,rec_7a9c079963dd,3,1.0,same DOI/material/form/sample and all overlapping measurements match,"Doping increasing volume and weight of graphite, density is largely unchanged",20210409_Metaanalysis_database.xlsx,49,10.1016/0379-6779(84)90007-9,An assessment of graphitized carbon fiber use for electrical power transmission,other_carbon_comparator,fiber_yarn,excluded_duplicate,secondary_meta_analysis
dupgrp_d48851d75b48,rec_7a9c079963dd,canonical,rec_7a9c079963dd,3,,,Single Crystal Graphite,20210409_Metaanalysis_database.xlsx,50,10.1016/0379-6779(84)90007-9,An assessment of graphitized carbon fiber use for electrical power transmission,other_carbon_comparator,fiber_yarn,peer_reviewed_contextual_comparator,secondary_meta_analysis
dupgrp_d48851d75b48,rec_bfc05ff663ed,duplicate_collapsed,rec_7a9c079963dd,3,1.0,same DOI/material/form/sample and all overlapping measurements match,Single Crystal Graphite,20210409_Metaanalysis_database.xlsx,60,10.1016/0379-6779(84)90007-9,An assessment of graphitized carbon fiber use for electrical power transmission,other_carbon_comparator,fiber_yarn,excluded_duplicate,secondary_meta_analysis
dupgrp_4831550c9348,rec_f6dde1a0318e,canonical,rec_f6dde1a0318e,2,,,GIC 1987,20210409_Metaanalysis_database.xlsx,103,10.1016/0379-6779(87)90941-6,"Electrical conductivity, mechanical properties and stability of intercalated graphite fibers",other_carbon_comparator,fiber_yarn,peer_reviewed_contextual_comparator,secondary_meta_analysis
dupgrp_4831550c9348,rec_95182f363a69,duplicate_collapsed,rec_f6dde1a0318e,2,1.0,same DOI/material/form/sample and all overlapping measurements match,GIC 1987,20210409_Metaanalysis_database.xlsx,108,10.1016/0379-6779(87)90941-6,"Electrical conductivity, mechanical properties and stability of intercalated graphite fibers",other_carbon_comparator,fiber_yarn,excluded_duplicate,secondary_meta_analysis
dupgrp_09f984a8e619,rec_2029977acb59,canonical,rec_2029977acb59,2,,,"Cu wire, current for luminosity",20210409_Metaanalysis_database.xlsx,4,10.1038/scientificamerican08181888-10524asupp,On the Heating Effects of Electric Currents,metal_comparator,fiber_yarn,peer_reviewed_contextual_comparator,secondary_meta_analysis
dupgrp_09f984a8e619,rec_047a565e9d07,duplicate_collapsed,rec_2029977acb59,2,1.0,same DOI/material/form/sample and all overlapping measurements match,"Cu wire, current for luminosity",20210409_Metaanalysis_database.xlsx,5,10.1038/scientificamerican08181888-10524asupp,On the Heating Effects of Electric Currents,metal_comparator,fiber_yarn,excluded_duplicate,secondary_meta_analysis
