record_id,exclusion_reasons,source_citation_class,evidence_tier,publication_validation_status,record_label,sample_name,material_family,form_factor,doi_raw,url_raw,issue_types,required_action,source_file,source_sheet,source_row
rec_a7c2fbb9aa92,duplicate_collapsed_into_canonical_public_record,peer_reviewed_meta_analysis_record,secondary_meta_analysis_with_original_doi,verified_crossref_openalex,2005_Atomic-Scale Imaging ofWall-by-Wall Breakdown and Concurrent Transport Measurements in Multiwall Carbon Nanotubes,"6 wall tube, sequentially broken, values estiamted-- All tubes are electrically connected, density estimated 2.1 g/cm3",CNT_or_CNT_hybrid,individual_nanotube_or_bundle,10.1103/physrevlett.94.236802,,,check_duplicate_or_multi_sample_group,20210409_Metaanalysis_database.xlsx,Main,288
rec_5c3865aea62f,duplicate_collapsed_into_canonical_public_record,peer_reviewed_meta_analysis_record,secondary_meta_analysis_with_original_doi,verified_crossref_openalex,2005_Atomic-Scale Imaging ofWall-by-Wall Breakdown and Concurrent Transport Measurements in Multiwall Carbon Nanotubes,"6 wall tube, sequentially broken, values estiamted-- All tubes are electrically connected, density estimated 2.1 g/cm3",CNT_or_CNT_hybrid,individual_nanotube_or_bundle,10.1103/physrevlett.94.236802,,,check_duplicate_or_multi_sample_group,20210409_Metaanalysis_database.xlsx,Main,289
rec_d6eb783c4320,duplicate_collapsed_into_canonical_public_record,peer_reviewed_meta_analysis_record,secondary_meta_analysis_with_original_doi,verified_crossref_openalex,2005_Atomic-Scale Imaging ofWall-by-Wall Breakdown and Concurrent Transport Measurements in Multiwall Carbon Nanotubes,"6 wall tube, sequentially broken, values estiamted-- All tubes are electrically connected, density estimated 2.1 g/cm3",CNT_or_CNT_hybrid,individual_nanotube_or_bundle,10.1103/physrevlett.94.236802,,,check_duplicate_or_multi_sample_group,20210409_Metaanalysis_database.xlsx,Main,290
rec_edf3e557fa9f,duplicate_collapsed_into_canonical_public_record,peer_reviewed_meta_analysis_record,secondary_meta_analysis_with_original_doi,verified_crossref_openalex,2005_Atomic-Scale Imaging ofWall-by-Wall Breakdown and Concurrent Transport Measurements in Multiwall Carbon Nanotubes,"6 wall tube, sequentially broken, values estiamted-- All tubes are electrically connected, density estimated 2.1 g/cm3",CNT_or_CNT_hybrid,individual_nanotube_or_bundle,10.1103/physrevlett.94.236802,,,check_duplicate_or_multi_sample_group,20210409_Metaanalysis_database.xlsx,Main,291
rec_6f3a79344136,duplicate_collapsed_into_canonical_public_record,peer_reviewed_meta_analysis_record,secondary_meta_analysis_with_original_doi,verified_crossref_openalex,2005_Atomic-Scale Imaging ofWall-by-Wall Breakdown and Concurrent Transport Measurements in Multiwall Carbon Nanotubes,"6 wall tube, sequentially broken, values estiamted-- All tubes are electrically connected, density estimated 2.1 g/cm3",CNT_or_CNT_hybrid,individual_nanotube_or_bundle,10.1103/physrevlett.94.236802,,,check_duplicate_or_multi_sample_group,20210409_Metaanalysis_database.xlsx,Main,292
rec_f3996dc21af6,duplicate_collapsed_into_canonical_public_record,peer_reviewed_meta_analysis_record,secondary_meta_analysis_with_original_doi,verified_crossref_openalex,2006 Determination of carbon nanotube density by gradient sedimentation,individual MWCNT,CNT_or_CNT_hybrid,individual_nanotube_or_bundle,10.1021/jp063660k,,,check_duplicate_or_multi_sample_group,20210409_Metaanalysis_database.xlsx,Main,295
rec_6e1af6bd68ff,duplicate_collapsed_into_canonical_public_record,peer_reviewed_meta_analysis_record,secondary_meta_analysis_with_original_doi,verified_crossref_openalex,2006 Determination of carbon nanotube density by gradient sedimentation,individual FWCNT,CNT_or_CNT_hybrid,individual_nanotube_or_bundle,10.1021/jp063660k,,,check_duplicate_or_multi_sample_group,20210409_Metaanalysis_database.xlsx,Main,296
rec_16e35b6100ea,duplicate_collapsed_into_canonical_public_record,peer_reviewed_meta_analysis_record,secondary_meta_analysis_with_original_doi,verified_crossref_openalex,2006_Determination of carbon nanotube density by gradient sedimentation,Individual Multiwall CNTs 2005,CNT_or_CNT_hybrid,individual_nanotube_or_bundle,10.1021/jp063660k,,,check_duplicate_or_multi_sample_group,20210409_Metaanalysis_database.xlsx,Main,301
rec_e5830efea682,duplicate_collapsed_into_canonical_public_record,peer_reviewed_meta_analysis_record,secondary_meta_analysis_with_original_doi,verified_crossref_openalex,2010 Carbon nanotube yarns with high tensile strength made by a twisting and shrinking method,After condensation,CNT_or_CNT_hybrid,fiber_yarn,10.1088/0957-4484/21/4/045708,,missing_conditions,extract_test_conditions;check_duplicate_or_multi_sample_group,20210409_Metaanalysis_database.xlsx,Main,429
rec_45d49f921b6f,duplicate_collapsed_into_canonical_public_record,peer_reviewed_meta_analysis_record,secondary_meta_analysis_with_original_doi,verified_crossref_openalex,2010_Structure and process-dependent properties of solid-state spun carbon nanotube yarns,Forest height 350 microns,CNT_or_CNT_hybrid,forest_array,10.1088/0953-8984/22/33/334221,,,check_duplicate_or_multi_sample_group,20210409_Metaanalysis_database.xlsx,Main,454
rec_909bb1d3691b,duplicate_collapsed_into_canonical_public_record,peer_reviewed_meta_analysis_record,secondary_meta_analysis_with_original_doi,verified_crossref_openalex,2010_Structure and process-dependent properties of solid-state spun carbon nanotube yarns,Forest height 350 microns,CNT_or_CNT_hybrid,forest_array,10.1088/0953-8984/22/33/334221,,,check_duplicate_or_multi_sample_group,20210409_Metaanalysis_database.xlsx,Main,456
rec_513b4b10288d,duplicate_collapsed_into_canonical_public_record,peer_reviewed_meta_analysis_record,secondary_meta_analysis_with_original_doi,verified_crossref_openalex,2012 Thermal and electrical conductivity of array-spun multi-walled carbon nanotube yarns,Vesco/ Schultz at UC,CNT_or_CNT_hybrid,forest_array,10.1016/j.carbon.2011.08.041,,,check_duplicate_or_multi_sample_group,20210409_Metaanalysis_database.xlsx,Main,557
rec_6fe3b3b6acf3,duplicate_collapsed_into_canonical_public_record,peer_reviewed_meta_analysis_record,secondary_meta_analysis_with_original_doi,verified_crossref_openalex,2012 Thermal and electrical conductivity of array-spun multi-walled carbon nanotube yarns,Vesco/ Schultz at UC,CNT_or_CNT_hybrid,forest_array,10.1016/j.carbon.2011.08.041,,,check_duplicate_or_multi_sample_group,20210409_Metaanalysis_database.xlsx,Main,558
rec_8739a02fa642,duplicate_collapsed_into_canonical_public_record,peer_reviewed_meta_analysis_record,secondary_meta_analysis_with_original_doi,verified_crossref_openalex,2012 Thermal and electrical conductivity of array-spun multi-walled carbon nanotube yarns,Vesco/ Schultz at UC,CNT_or_CNT_hybrid,forest_array,10.1016/j.carbon.2011.08.041,,,check_duplicate_or_multi_sample_group,20210409_Metaanalysis_database.xlsx,Main,560
rec_2e615999c0e9,duplicate_collapsed_into_canonical_public_record,peer_reviewed_meta_analysis_record,secondary_meta_analysis_with_original_doi,verified_crossref_openalex,2012_Ion irradiation of electronic-type-separated single wall carbon nanotubes A model for radiation effects in nanostructured carbon,"NanoInegris material, films were between 80 to 100 nm, took 100 nm in all cases to calculate conductivity",CNT_or_CNT_hybrid,sheet_mat_film,10.1063/1.4739713,,,check_duplicate_or_multi_sample_group,20210409_Metaanalysis_database.xlsx,Main,589
rec_bd67e4d1ff00,duplicate_collapsed_into_canonical_public_record,peer_reviewed_meta_analysis_record,secondary_meta_analysis_with_original_doi,verified_crossref_openalex,2012_Ion irradiation of electronic-type-separated single wall carbon nanotubes A model for radiation effects in nanostructured carbon,"NanoInegris material, films were between 80 to 100 nm, took 100 nm in all cases to calculate conductivity",CNT_or_CNT_hybrid,sheet_mat_film,10.1063/1.4739713,,,check_duplicate_or_multi_sample_group,20210409_Metaanalysis_database.xlsx,Main,590
rec_f8acdc217a2d,duplicate_collapsed_into_canonical_public_record,peer_reviewed_meta_analysis_record,secondary_meta_analysis_with_original_doi,verified_crossref_openalex,2012_Ion irradiation of electronic-type-separated single wall carbon nanotubes A model for radiation effects in nanostructured carbon,"NanoInegris material, films were between 80 to 100 nm, took 100 nm in all cases to calculate conductivity",CNT_or_CNT_hybrid,sheet_mat_film,10.1063/1.4739713,,,check_duplicate_or_multi_sample_group,20210409_Metaanalysis_database.xlsx,Main,591
rec_262666f956c9,duplicate_collapsed_into_canonical_public_record,peer_reviewed_meta_analysis_record,secondary_meta_analysis_with_original_doi,verified_crossref_openalex,2012_Ion irradiation of electronic-type-separated single wall carbon nanotubes A model for radiation effects in nanostructured carbon,"NanoInegris material, films were between 80 to 100 nm, took 100 nm in all cases to calculate conductivity",CNT_or_CNT_hybrid,sheet_mat_film,10.1063/1.4739713,,,check_duplicate_or_multi_sample_group,20210409_Metaanalysis_database.xlsx,Main,592
rec_10034ceefe4c,duplicate_collapsed_into_canonical_public_record,peer_reviewed_meta_analysis_record,secondary_meta_analysis_with_original_doi,verified_crossref_openalex,2012_Ion irradiation of electronic-type-separated single wall carbon nanotubes A model for radiation effects in nanostructured carbon,"NanoInegris material, films were between 80 to 100 nm, took 100 nm in all cases to calculate conductivity",CNT_or_CNT_hybrid,sheet_mat_film,10.1063/1.4739713,,,check_duplicate_or_multi_sample_group,20210409_Metaanalysis_database.xlsx,Main,593
rec_fe81b5f19f92,duplicate_collapsed_into_canonical_public_record,peer_reviewed_meta_analysis_record,secondary_meta_analysis_with_original_doi,verified_crossref_openalex,2012_Ion irradiation of electronic-type-separated single wall carbon nanotubes A model for radiation effects in nanostructured carbon,"NanoInegris material, films were between 80 to 100 nm, took 100 nm in all cases to calculate conductivity",CNT_or_CNT_hybrid,sheet_mat_film,10.1063/1.4739713,,,check_duplicate_or_multi_sample_group,20210409_Metaanalysis_database.xlsx,Main,594
rec_f288cf077a35,duplicate_collapsed_into_canonical_public_record,peer_reviewed_meta_analysis_record,secondary_meta_analysis_with_original_doi,verified_crossref_openalex,2014 High-Ampacity Power Cables of Tightly-Packed and Aligned Carbon Nanotubes,Superacid Extrusion,CNT_or_CNT_hybrid,fiber_yarn,10.1002/adfm.201303865,,missing_conditions,extract_test_conditions;check_duplicate_or_multi_sample_group,20210409_Metaanalysis_database.xlsx,Main,641
rec_7a00d57cd408,duplicate_collapsed_into_canonical_public_record,peer_reviewed_meta_analysis_record,secondary_meta_analysis_with_original_doi,verified_crossref_openalex,"2018_Hierarchical structure of carbon nanotube fibers, and the change of structure during densification by wet stretching",NMP0,CNT_or_CNT_hybrid,fiber_yarn,10.1016/j.carbon.2018.04.071,,missing_conditions,extract_test_conditions;check_duplicate_or_multi_sample_group,20210409_Metaanalysis_database.xlsx,Main,962
rec_0ba6139779a5,duplicate_collapsed_into_canonical_public_record,peer_reviewed_meta_analysis_record,secondary_meta_analysis_with_original_doi,verified_crossref_openalex,2019 Direct spinning and densification method for high-performance carbon nanotube fibers,Aligned Few-wall CNTs 2019,CNT_or_CNT_hybrid,fiber_yarn,10.1038/s41467-019-10998-0,,missing_conditions,extract_test_conditions;check_duplicate_or_multi_sample_group,20210409_Metaanalysis_database.xlsx,Main,1012
rec_3b3af303fad1,duplicate_collapsed_into_canonical_public_record,peer_reviewed_meta_analysis_record,secondary_meta_analysis_with_original_doi,verified_crossref_openalex,2019 Direct spinning and densification method for high-performance carbon nanotube fibers,Aligned Few-wall CNTs 2019,CNT_or_CNT_hybrid,fiber_yarn,10.1038/s41467-019-10998-0,,missing_conditions,extract_test_conditions;check_duplicate_or_multi_sample_group,20210409_Metaanalysis_database.xlsx,Main,1014
rec_b1eda1737719,duplicate_collapsed_into_canonical_public_record,peer_reviewed_meta_analysis_record,secondary_meta_analysis_with_original_doi,verified_crossref_openalex,2019 How to overcome the electrical conductivity limitation of carbon nanotube yarns drawn from carbon nanotube arrays,Nitric sulfuric acid 4 hours,CNT_or_CNT_hybrid,forest_array,10.1016/j.carbon.2018.12.041,,,check_duplicate_or_multi_sample_group,20210409_Metaanalysis_database.xlsx,Main,1051
rec_12bb731090e4,duplicate_collapsed_into_canonical_public_record,peer_reviewed_meta_analysis_record,secondary_meta_analysis_with_original_doi,verified_crossref_openalex,2019_Tailoring physical properties of carbon nanotube threads during assembly,Aligned Multiwall CNTs 2019,CNT_or_CNT_hybrid,fiber_yarn,10.1016/j.carbon.2018.11.036,,missing_conditions,extract_test_conditions;check_duplicate_or_multi_sample_group,20210409_Metaanalysis_database.xlsx,Main,1169
rec_666fd72a46a3,duplicate_collapsed_into_canonical_public_record,peer_reviewed_meta_analysis_record,secondary_meta_analysis_with_original_doi,verified_crossref_openalex,2019_Tailoring physical properties of carbon nanotube threads during assembly,Aligned Multiwall CNTs 2019,CNT_or_CNT_hybrid,fiber_yarn,10.1016/j.carbon.2018.11.036,,missing_conditions,extract_test_conditions;check_duplicate_or_multi_sample_group,20210409_Metaanalysis_database.xlsx,Main,1174
rec_9cce09ae34b6,duplicate_collapsed_into_canonical_public_record,peer_reviewed_meta_analysis_record,secondary_meta_analysis_with_original_doi,verified_crossref_openalex,2019_Tailoring physical properties of carbon nanotube threads during assembly,Aligned Multiwall CNTs 2019,CNT_or_CNT_hybrid,fiber_yarn,10.1016/j.carbon.2018.11.036,,missing_conditions,extract_test_conditions;check_duplicate_or_multi_sample_group,20210409_Metaanalysis_database.xlsx,Main,1176
rec_2f2ae00399b8,duplicate_collapsed_into_canonical_public_record,peer_reviewed_meta_analysis_record,secondary_meta_analysis_with_original_doi,verified_crossref_openalex,2019_Tailoring physical properties of carbon nanotube threads during assembly,Aligned Multiwall CNTs 2019,CNT_or_CNT_hybrid,fiber_yarn,10.1016/j.carbon.2018.11.036,,missing_conditions,extract_test_conditions;check_duplicate_or_multi_sample_group,20210409_Metaanalysis_database.xlsx,Main,1178
rec_114e30d0a938,duplicate_collapsed_into_canonical_public_record,peer_reviewed_meta_analysis_record,secondary_meta_analysis_with_original_doi,verified_crossref_openalex,2019_Tailoring physical properties of carbon nanotube threads during assembly,Aligned Multiwall CNTs 2019,CNT_or_CNT_hybrid,fiber_yarn,10.1016/j.carbon.2018.11.036,,missing_conditions,extract_test_conditions;check_duplicate_or_multi_sample_group,20210409_Metaanalysis_database.xlsx,Main,1183
rec_bd8047bb044d,duplicate_collapsed_into_canonical_public_record,peer_reviewed_meta_analysis_record,secondary_meta_analysis_with_original_doi,verified_crossref_openalex,2019_Tailoring physical properties of carbon nanotube threads during assembly,Aligned Multiwall CNTs 2019,CNT_or_CNT_hybrid,fiber_yarn,10.1016/j.carbon.2018.11.036,,missing_conditions,extract_test_conditions;check_duplicate_or_multi_sample_group,20210409_Metaanalysis_database.xlsx,Main,1185
rec_1b1c9be98d75,duplicate_collapsed_into_canonical_public_record,peer_reviewed_meta_analysis_record,secondary_meta_analysis_with_original_doi,verified_crossref_openalex,2019_Tailoring physical properties of carbon nanotube threads during assembly,Aligned Multiwall CNTs 2019,CNT_or_CNT_hybrid,fiber_yarn,10.1016/j.carbon.2018.11.036,,missing_conditions,extract_test_conditions;check_duplicate_or_multi_sample_group,20210409_Metaanalysis_database.xlsx,Main,1188
rec_bfd7eeeb3503,duplicate_collapsed_into_canonical_public_record,peer_reviewed_meta_analysis_record,secondary_meta_analysis_with_original_doi,verified_crossref_openalex,2019_Tailoring physical properties of carbon nanotube threads during assembly,Aligned Multiwall CNTs 2019,CNT_or_CNT_hybrid,fiber_yarn,10.1016/j.carbon.2018.11.036,,missing_conditions,extract_test_conditions;check_duplicate_or_multi_sample_group,20210409_Metaanalysis_database.xlsx,Main,1189
rec_f0d2e9196804,duplicate_collapsed_into_canonical_public_record,peer_reviewed_meta_analysis_record,secondary_meta_analysis_with_original_doi,verified_crossref_openalex,2019_Tailoring physical properties of carbon nanotube threads during assembly,Aligned Multiwall CNTs 2019,CNT_or_CNT_hybrid,fiber_yarn,10.1016/j.carbon.2018.11.036,,missing_conditions,extract_test_conditions;check_duplicate_or_multi_sample_group,20210409_Metaanalysis_database.xlsx,Main,1190
rec_4e10ebd81461,duplicate_collapsed_into_canonical_public_record,peer_reviewed_meta_analysis_record,secondary_meta_analysis_with_original_doi,verified_crossref_openalex,2019_Tailoring physical properties of carbon nanotube threads during assembly,Aligned Multiwall CNTs 2019,CNT_or_CNT_hybrid,fiber_yarn,10.1016/j.carbon.2018.11.036,,missing_conditions,extract_test_conditions;check_duplicate_or_multi_sample_group,20210409_Metaanalysis_database.xlsx,Main,1191
rec_5d1710ea671f,duplicate_collapsed_into_canonical_public_record,peer_reviewed_meta_analysis_record,secondary_meta_analysis_with_original_doi,verified_crossref_openalex,2020 Influence of transverse compression on axial electromechanical properties of carbon nanotube fibers,Aligned Multiwall CNTs 2020,CNT_or_CNT_hybrid,fiber_yarn,10.1016/j.matdes.2019.108463,,missing_conditions,extract_test_conditions;check_duplicate_or_multi_sample_group,20210409_Metaanalysis_database.xlsx,Main,1207
rec_a60b97ef72ac,duplicate_collapsed_into_canonical_public_record,peer_reviewed_meta_analysis_record,secondary_meta_analysis_with_original_doi,verified_crossref_openalex,2020_Super-Strong Carbon Nanotube Fibers Achieved by Engineering Gas Flow and Postsynthesis Treatment,Pristine,CNT_or_CNT_hybrid,fiber_yarn,10.1021/acsami.9b19861,,missing_conditions,extract_test_conditions;check_duplicate_or_multi_sample_group,20210409_Metaanalysis_database.xlsx,Main,1248
rec_c70cf4c37a69,duplicate_collapsed_into_canonical_public_record,peer_reviewed_meta_analysis_record,secondary_meta_analysis_with_original_doi,verified_crossref_openalex,2020_Transparent and Freestanding Single-Walled Carbon Nanotube Films Synthesized Directly and Continuously via a Blown Aerosol Technique,Aligned Few-wall CNTs 2020,CNT_or_CNT_hybrid,sheet_mat_film,10.1002/adma.202004277,,,check_duplicate_or_multi_sample_group,20210409_Metaanalysis_database.xlsx,Main,1256
rec_9f20b87931f3,duplicate_collapsed_into_canonical_public_record,peer_reviewed_meta_analysis_record,secondary_meta_analysis_with_original_doi,verified_crossref_openalex,2020_Transparent and Freestanding Single-Walled Carbon Nanotube Films Synthesized Directly and Continuously via a Blown Aerosol Technique,Aligned Few-wall CNTs 2020,CNT_or_CNT_hybrid,sheet_mat_film,10.1002/adma.202004277,,,check_duplicate_or_multi_sample_group,20210409_Metaanalysis_database.xlsx,Main,1258
rec_e011cbf54175,duplicate_collapsed_into_canonical_public_record,peer_reviewed_meta_analysis_record,secondary_meta_analysis_with_original_doi,verified_crossref_openalex,2020_Transparent and Freestanding Single-Walled Carbon Nanotube Films Synthesized Directly and Continuously via a Blown Aerosol Technique,Aligned Few-wall CNTs 2020,CNT_or_CNT_hybrid,sheet_mat_film,10.1002/adma.202004277,,,check_duplicate_or_multi_sample_group,20210409_Metaanalysis_database.xlsx,Main,1259
rec_27b6155fab6b,duplicate_collapsed_into_canonical_public_record,peer_reviewed_meta_analysis_record,secondary_meta_analysis_with_original_doi,verified_crossref_openalex,2020_Transparent and Freestanding Single-Walled Carbon Nanotube Films Synthesized Directly and Continuously via a Blown Aerosol Technique,Aligned Few-wall CNTs 2020,CNT_or_CNT_hybrid,sheet_mat_film,10.1002/adma.202004277,,,check_duplicate_or_multi_sample_group,20210409_Metaanalysis_database.xlsx,Main,1260
rec_dedb7d10e5b1,duplicate_collapsed_into_canonical_public_record,peer_reviewed_meta_analysis_record,secondary_meta_analysis_with_original_doi,verified_crossref_openalex,2020_Transparent and Freestanding Single-Walled Carbon Nanotube Films Synthesized Directly and Continuously via a Blown Aerosol Technique,Aligned Few-wall CNTs 2020,CNT_or_CNT_hybrid,sheet_mat_film,10.1002/adma.202004277,,,check_duplicate_or_multi_sample_group,20210409_Metaanalysis_database.xlsx,Main,1261
rec_a8119f4ac7d7,duplicate_collapsed_into_canonical_public_record,peer_reviewed_meta_analysis_record,secondary_meta_analysis_with_original_doi,verified_crossref_openalex,2020_Transparent and Freestanding Single-Walled Carbon Nanotube Films Synthesized Directly and Continuously via a Blown Aerosol Technique,Aligned Few-wall CNTs 2020,CNT_or_CNT_hybrid,sheet_mat_film,10.1002/adma.202004277,,,check_duplicate_or_multi_sample_group,20210409_Metaanalysis_database.xlsx,Main,1262
rec_fc90b66a87f8,duplicate_collapsed_into_canonical_public_record,peer_reviewed_meta_analysis_record,secondary_meta_analysis_with_original_doi,verified_crossref_openalex,2020_Transparent and Freestanding Single-Walled Carbon Nanotube Films Synthesized Directly and Continuously via a Blown Aerosol Technique,Aligned Few-wall CNTs 2020,CNT_or_CNT_hybrid,sheet_mat_film,10.1002/adma.202004277,,,check_duplicate_or_multi_sample_group,20210409_Metaanalysis_database.xlsx,Main,1263
rec_2f0baf2da45b,duplicate_collapsed_into_canonical_public_record,peer_reviewed_research_record,primary_literature_candidate,verified_crossref_openalex,F-CNTFs,High-strength CNTs,CNT_or_CNT_hybrid,fiber_yarn,10.1126/science.adj1082,https://doi.org/10.1126/science.adj1082,missing_conditions,extract_test_conditions;check_duplicate_or_multi_sample_group,RadarFigureSource.xlsx,Radar,2
rec_6dd4e73b22e7,duplicate_collapsed_into_canonical_public_record,peer_reviewed_research_record,primary_literature_candidate,verified_crossref_openalex,CSA-CNTFs,CSA-CNTFs,CNT_or_CNT_hybrid,fiber_yarn,10.1126/science.adj1082,https://doi.org/10.1126/science.adj1082,missing_conditions,extract_test_conditions;check_duplicate_or_multi_sample_group,RadarFigureSource.xlsx,Radar,3
rec_a1096e0ad058,duplicate_collapsed_into_canonical_public_record,peer_reviewed_research_record,primary_literature_candidate,verified_crossref_openalex,PBO-CNTFs,PBO-CNTFs,CNT_or_CNT_hybrid,fiber_yarn,10.1126/science.adj1082,https://doi.org/10.1126/science.adj1082,missing_conditions,extract_test_conditions;check_duplicate_or_multi_sample_group,RadarFigureSource.xlsx,Radar,4
rec_298366b15573,duplicate_collapsed_into_canonical_public_record,peer_reviewed_research_record,primary_literature_candidate,verified_crossref_openalex,D-PBO-CNTFs,D-PBO-CNTFs,CNT_or_CNT_hybrid,fiber_yarn,10.1126/science.adj1082,https://doi.org/10.1126/science.adj1082,missing_conditions,extract_test_conditions;check_duplicate_or_multi_sample_group,RadarFigureSource.xlsx,Fibers With Error,5
rec_02c0d3e87828,duplicate_collapsed_into_canonical_public_record,peer_reviewed_research_record,primary_literature_candidate,verified_crossref_openalex,Xioa-Boies Fully DD,Fully Double-Drawn CNTF,CNT_or_CNT_hybrid,fiber_yarn,10.1126/sciadv.abq3515,https://www.science.org/doi/10.1126/sciadv.abq3515,missing_conditions,extract_test_conditions;check_duplicate_or_multi_sample_group,RadarFigureSource.xlsx,Radar,6
rec_2498a792955e,duplicate_collapsed_into_canonical_public_record,peer_reviewed_research_record,primary_literature_candidate,verified_crossref_openalex,This Work-Fully DD,Fully Double-Drawn CNTF,CNT_or_CNT_hybrid,fiber_yarn,10.1126/sciadv.abq3515,https://doi.org/10.1126/sciadv.abq3515,missing_conditions,extract_test_conditions;check_duplicate_or_multi_sample_group,RadarFigureSource.xlsx,Fibers With Error,6
rec_e8e6044d4d5e,duplicate_collapsed_into_canonical_public_record,peer_reviewed_research_record,primary_literature_candidate,verified_crossref_openalex,SS-2017(58),Solution-spun CNTF,CNT_or_CNT_hybrid,fiber_yarn,10.1021/acsami.7b10968,https://doi.org/10.1021/acsami.7b10968,missing_conditions,extract_test_conditions;check_duplicate_or_multi_sample_group,RadarFigureSource.xlsx,Radar,8
rec_da38ec45d92d,duplicate_collapsed_into_canonical_public_record,peer_reviewed_research_record,primary_literature_candidate,verified_crossref_openalex,"SS-2013(20, 58)",Solution-spun CNTF with CCNI DWCNT,CNT_or_CNT_hybrid,fiber_yarn,10.1021/acsami.7b10968;10.1126/science.1228061,https://doi.org/10.1021/acsami.7b10968;https://doi.org/10.1126/science.1228061,missing_conditions,extract_test_conditions;check_duplicate_or_multi_sample_group,RadarFigureSource.xlsx,Radar,10
rec_0661b1e3d41e,duplicate_collapsed_into_canonical_public_record,peer_reviewed_research_record,primary_literature_candidate,verified_crossref_openalex,SS-2021(36),Solution-spun CNTF,CNT_or_CNT_hybrid,fiber_yarn,10.1016/j.carbon.2020.07.058,https://doi.org/10.1016/j.carbon.2020.07.058,missing_conditions,extract_test_conditions;check_duplicate_or_multi_sample_group,RadarFigureSource.xlsx,Radar,11
rec_42149da6dd33,duplicate_collapsed_into_canonical_public_record,peer_reviewed_research_record,primary_literature_candidate,verified_crossref_openalex,S·DW:1400℃,Heat Solution-Spun CNTF,CNT_or_CNT_hybrid,fiber_yarn,10.1126/sciadv.abn0939,https://doi.org/10.1126/sciadv.abn0939,missing_conditions,extract_test_conditions;check_duplicate_or_multi_sample_group,RadarFigureSource.xlsx,Radar,13
rec_76d2c69a04a4,duplicate_collapsed_into_canonical_public_record,peer_reviewed_research_record,primary_literature_candidate,verified_crossref_openalex,S·DW:1700℃,Heat Solution-Spun CNTF,CNT_or_CNT_hybrid,fiber_yarn,10.1126/sciadv.abn0939,https://doi.org/10.1126/sciadv.abn0939,missing_conditions,extract_test_conditions;check_duplicate_or_multi_sample_group,RadarFigureSource.xlsx,Radar,14
rec_82d79c517600,duplicate_collapsed_into_canonical_public_record,peer_reviewed_research_record,primary_literature_candidate,verified_crossref_openalex,S·DW:2000℃,Heat Solution-Spun CNTF,CNT_or_CNT_hybrid,fiber_yarn,10.1126/sciadv.abn0939,https://doi.org/10.1126/sciadv.abn0939,missing_conditions,extract_test_conditions;check_duplicate_or_multi_sample_group,RadarFigureSource.xlsx,Radar,15
rec_39e0ef19dba0,duplicate_collapsed_into_canonical_public_record,peer_reviewed_research_record,primary_literature_candidate,verified_crossref_openalex,S·DW:2400℃,Heat Solution-Spun CNTF,CNT_or_CNT_hybrid,fiber_yarn,10.1126/sciadv.abn0939,https://doi.org/10.1126/sciadv.abn0939,missing_conditions,extract_test_conditions;check_duplicate_or_multi_sample_group,RadarFigureSource.xlsx,Radar,16
rec_e9d32a8caa72,duplicate_collapsed_into_canonical_public_record,peer_reviewed_research_record,primary_literature_candidate,verified_crossref_openalex,S·DW:2700℃,Heat Solution-Spun CNTF,CNT_or_CNT_hybrid,fiber_yarn,10.1126/sciadv.abn0939,https://doi.org/10.1126/sciadv.abn0939,missing_conditions,extract_test_conditions;check_duplicate_or_multi_sample_group,RadarFigureSource.xlsx,Radar,17
rec_966d1179cd08,duplicate_collapsed_into_canonical_public_record,peer_reviewed_research_record,primary_literature_candidate,verified_crossref_openalex,SW:2700℃,Heat Solution-Spun CNTF,CNT_or_CNT_hybrid,fiber_yarn,10.1126/sciadv.abn0939,https://doi.org/10.1126/sciadv.abn0939,missing_conditions,extract_test_conditions;check_duplicate_or_multi_sample_group,RadarFigureSource.xlsx,Radar,18
rec_d8119576e6da,duplicate_collapsed_into_canonical_public_record,peer_reviewed_research_record,primary_literature_candidate,verified_crossref_openalex,DW:2700℃,Heat Solution-Spun CNTF,CNT_or_CNT_hybrid,fiber_yarn,10.1126/sciadv.abn0939,https://doi.org/10.1126/sciadv.abn0939,missing_conditions,extract_test_conditions;check_duplicate_or_multi_sample_group,RadarFigureSource.xlsx,Radar,19
rec_761c6bc971c3,duplicate_collapsed_into_canonical_public_record,peer_reviewed_research_record,primary_literature_candidate,verified_crossref_openalex,S·DWNT-Raw,S·DWNT-Raw,CNT_or_CNT_hybrid,fiber_yarn,10.1126/sciadv.abn0939,https://doi.org/10.1126/sciadv.abn0939,missing_conditions,extract_test_conditions;check_duplicate_or_multi_sample_group,RadarFigureSource.xlsx,Radar,20
rec_e14f95b049b2,duplicate_collapsed_into_canonical_public_record,peer_reviewed_research_record,primary_literature_candidate,verified_crossref_openalex,SWNT-Raw,SWNT-Raw,CNT_or_CNT_hybrid,fiber_yarn,10.1126/sciadv.abn0939,https://doi.org/10.1126/sciadv.abn0939,missing_conditions,extract_test_conditions;check_duplicate_or_multi_sample_group,RadarFigureSource.xlsx,Radar,21
rec_9506f408a817,duplicate_collapsed_into_canonical_public_record,peer_reviewed_research_record,primary_literature_candidate,verified_crossref_openalex,DWNT-Raw,DWNT-Raw,CNT_or_CNT_hybrid,fiber_yarn,10.1126/sciadv.abn0939,https://doi.org/10.1126/sciadv.abn0939,missing_conditions,extract_test_conditions;check_duplicate_or_multi_sample_group,RadarFigureSource.xlsx,Radar,22
rec_d4b7a10fead1,duplicate_collapsed_into_canonical_public_record,peer_reviewed_research_record,primary_literature_candidate,verified_crossref_openalex,D-SS-2022(60),Densified Solution-Spun CNTF,CNT_or_CNT_hybrid,fiber_yarn,10.1016/j.carbon.2022.04.040,https://doi.org/10.1016/j.carbon.2022.04.040,missing_conditions,extract_test_conditions;check_duplicate_or_multi_sample_group,RadarFigureSource.xlsx,Fibers With Error,24
rec_cb0bfb4f8d4f,duplicate_collapsed_into_canonical_public_record,peer_reviewed_research_record,primary_literature_candidate,verified_crossref_openalex,DS-IMDEA-2021(61),Direct-spun CNTF with optimized synthesis,CNT_or_CNT_hybrid,fiber_yarn,10.1016/j.carbon.2021.04.033,https://doi.org/10.1016/j.carbon.2021.04.033,missing_conditions,extract_test_conditions;check_duplicate_or_multi_sample_group,RadarFigureSource.xlsx,Radar,28
rec_e69f3c42c3c9,duplicate_collapsed_into_canonical_public_record,peer_reviewed_research_record,primary_literature_candidate,verified_crossref_openalex,DS-PUST-CSA(62),CSA 13% stretched Direct-spun CNTF,CNT_or_CNT_hybrid,fiber_yarn,10.1016/j.carbon.2018.04.071,https://doi.org/10.1016/j.carbon.2018.04.071,missing_conditions,extract_test_conditions;check_duplicate_or_multi_sample_group,RadarFigureSource.xlsx,Radar,31
rec_4a011ec32d34,duplicate_collapsed_into_canonical_public_record,peer_reviewed_research_record,primary_literature_candidate,verified_crossref_openalex,DS-IMDEA-DW(13),Direct-spun CNTF of collapsed DWCNT,CNT_or_CNT_hybrid,fiber_yarn,10.1016/j.carbon.2018.03.006,https://doi.org/10.1016/j.carbon.2018.03.006,missing_conditions,extract_test_conditions;check_duplicate_or_multi_sample_group,RadarFigureSource.xlsx,Fibers With Error,31
rec_70b4f69ee31f,duplicate_collapsed_into_canonical_public_record,peer_reviewed_research_record,primary_literature_candidate,verified_crossref_openalex,DS-PUST-Raw(62),Raw Direct-spun CNTF,CNT_or_CNT_hybrid,fiber_yarn,10.1016/j.carbon.2018.04.071,https://doi.org/10.1016/j.carbon.2018.04.071,missing_conditions,extract_test_conditions;check_duplicate_or_multi_sample_group,RadarFigureSource.xlsx,Radar,32
rec_a51d4d0225a0,duplicate_collapsed_into_canonical_public_record,peer_reviewed_research_record,primary_literature_candidate,verified_crossref_openalex,DS-IMDEA-MW(13),Direct-spun CNTF of few-layer MWCNT,CNT_or_CNT_hybrid,fiber_yarn,10.1016/j.carbon.2018.03.006,https://doi.org/10.1016/j.carbon.2018.03.006,missing_conditions,extract_test_conditions;check_duplicate_or_multi_sample_group,RadarFigureSource.xlsx,Fibers With Error,32
rec_e7467a47c303,duplicate_collapsed_into_canonical_public_record,peer_reviewed_research_record,primary_literature_candidate,verified_crossref_openalex,VA-MIT(37),Densified VA-CNTF,CNT_or_CNT_hybrid,fiber_yarn,10.1021/am401524q,https://doi.org/10.1021/am401524q,missing_conditions,extract_test_conditions;check_duplicate_or_multi_sample_group,RadarFigureSource.xlsx,Fibers With Error,39
rec_80582977ed6a,duplicate_collapsed_into_canonical_public_record,peer_reviewed_research_record,primary_literature_candidate,verified_crossref_openalex,SWNT-Raw,(39),CNT_or_CNT_hybrid,fiber_yarn,10.1126/sciadv.abn0939,https://www.science.org/doi/10.1126/sciadv.abn0939,missing_conditions,extract_test_conditions;check_duplicate_or_multi_sample_group,XiaO_DATA.xlsx,Sheet1,115
rec_f8f4cd9e46ea,duplicate_collapsed_into_canonical_public_record,peer_reviewed_research_record,primary_literature_candidate,verified_crossref_openalex,DWNT-Raw,(39),CNT_or_CNT_hybrid,fiber_yarn,10.1126/sciadv.abn0939,https://www.science.org/doi/10.1126/sciadv.abn0939,missing_conditions,extract_test_conditions;check_duplicate_or_multi_sample_group,XiaO_DATA.xlsx,Sheet1,117
rec_0d038bd96c74,duplicate_collapsed_into_canonical_public_record,peer_reviewed_meta_analysis_record,secondary_meta_analysis_with_original_doi,verified_crossref_openalex,2007_Current-induced breakdown of carbon nanofibers,NH3:C2H2(4:1) at 4 torr,carbon_fiber_comparator,fiber_yarn,10.1063/1.2743086,,,check_duplicate_or_multi_sample_group,20210409_Metaanalysis_database.xlsx,Main,329
rec_047a565e9d07,duplicate_collapsed_into_canonical_public_record,peer_reviewed_meta_analysis_record,secondary_meta_analysis_with_original_doi,verified_crossref_openalex,1888_On the heating effects of electric currents,"Cu wire, current for luminosity",metal_comparator,fiber_yarn,10.1038/scientificamerican08181888-10524asupp,,,check_duplicate_or_multi_sample_group,20210409_Metaanalysis_database.xlsx,Main,5
rec_a8e9b0852f10,duplicate_collapsed_into_canonical_public_record,peer_reviewed_meta_analysis_record,secondary_meta_analysis_with_original_doi,verified_crossref_openalex,1984 AN ASSESSMENT OF GRAPHITIZED CARBON FIBER USE FOR ELECTRICAL POWER TRANSMISSION,"Doping increasing volume and weight of graphite, density is largely unchanged",other_carbon_comparator,fiber_yarn,10.1016/0379-6779(84)90007-9,,,check_duplicate_or_multi_sample_group,20210409_Metaanalysis_database.xlsx,Main,49
rec_bfc05ff663ed,duplicate_collapsed_into_canonical_public_record,peer_reviewed_meta_analysis_record,secondary_meta_analysis_with_original_doi,verified_crossref_openalex,1984 AN ASSESSMENT OF GRAPHITIZED CARBON FIBER USE FOR ELECTRICAL POWER TRANSMISSION,Single Crystal Graphite,other_carbon_comparator,fiber_yarn,10.1016/0379-6779(84)90007-9,,,check_duplicate_or_multi_sample_group,20210409_Metaanalysis_database.xlsx,Main,60
rec_95182f363a69,duplicate_collapsed_into_canonical_public_record,peer_reviewed_meta_analysis_record,secondary_meta_analysis_with_original_doi,verified_crossref_openalex,"1987 ELECTRICAL CONDUCTIVITY, MECHANICAL PROPERTIES AND STABILITY OF INTERCALATED GRAPHITE FIBERS",GIC 1987,other_carbon_comparator,fiber_yarn,10.1016/0379-6779(87)90941-6,,,check_duplicate_or_multi_sample_group,20210409_Metaanalysis_database.xlsx,Main,108
rec_04a1f6a3011e,internal_seed_or_unresolved_source,unresolved_or_internal_source,needs_source_review,missing_doi,Xiao-Boies Work-Raw,Raw Direct-spun CNTF,CNT_or_CNT_hybrid,fiber_yarn,,,missing_conditions;missing_reference,find_primary_publication;extract_test_conditions,RadarFigureSource.xlsx,Radar,7
rec_fbe8fb7f71e0,internal_seed_or_unresolved_source,unresolved_or_internal_source,needs_source_review,missing_doi,This Work-Raw,Raw Direct-spun CNTF,CNT_or_CNT_hybrid,fiber_yarn,,,missing_conditions;missing_reference,find_primary_publication;extract_test_conditions,RadarFigureSource.xlsx,Fibers With Error,7
rec_e83a44703069,internal_seed_or_unresolved_source,unresolved_or_internal_source,needs_source_review,missing_doi,SS-2004(59),Solution-spun CNTF,CNT_or_CNT_hybrid,fiber_yarn,,,missing_conditions;missing_reference,find_primary_publication;extract_test_conditions;check_duplicate_or_multi_sample_group,RadarFigureSource.xlsx,Radar,9
rec_463412351760,internal_seed_or_unresolved_source,unresolved_or_internal_source,needs_source_review,missing_doi,SS-2004(59),Solution-spun CNTF,CNT_or_CNT_hybrid,fiber_yarn,,,missing_conditions;missing_reference,find_primary_publication;extract_test_conditions;check_duplicate_or_multi_sample_group,RadarFigureSource.xlsx,Fibers With Error,9
rec_a767fefb6d1f,internal_seed_or_unresolved_source,unresolved_or_internal_source,needs_source_review,missing_doi,DS-CAM-Den(14),Acetone Direct-spun CNTF,CNT_or_CNT_hybrid,fiber_yarn,,,missing_conditions;missing_reference,find_primary_publication;extract_test_conditions;check_duplicate_or_multi_sample_group,RadarFigureSource.xlsx,Radar,33
rec_029f37469abf,internal_seed_or_unresolved_source,unresolved_or_internal_source,needs_source_review,missing_doi,DS-CAM-DogBone(50),Dog Bone Direct-spun CNTF,CNT_or_CNT_hybrid,fiber_yarn,,,missing_conditions;missing_reference,find_primary_publication;extract_test_conditions;check_duplicate_or_multi_sample_group,RadarFigureSource.xlsx,Radar,34
rec_61139518b23d,internal_seed_or_unresolved_source,unresolved_or_internal_source,needs_source_review,missing_doi,VA-UT2004(19),Twisted VA-CNTF,CNT_or_CNT_hybrid,fiber_yarn,,,missing_conditions;missing_reference,find_primary_publication;extract_test_conditions;check_duplicate_or_multi_sample_group,RadarFigureSource.xlsx,Radar,35
rec_9aa6fee9f185,internal_seed_or_unresolved_source,unresolved_or_internal_source,needs_source_review,missing_doi,DS-CAM-Den(14),Acetone Direct-spun CNTF,CNT_or_CNT_hybrid,fiber_yarn,,,missing_conditions;missing_reference,find_primary_publication;extract_test_conditions;check_duplicate_or_multi_sample_group,RadarFigureSource.xlsx,Fibers With Error,35
rec_e409dbdd2a40,internal_seed_or_unresolved_source,unresolved_or_internal_source,needs_source_review,missing_doi,VA-UT2007(63),Twisted VA-CNTF,CNT_or_CNT_hybrid,fiber_yarn,,,missing_conditions;missing_reference,find_primary_publication;extract_test_conditions;check_duplicate_or_multi_sample_group,RadarFigureSource.xlsx,Radar,36
rec_500f58dc961e,internal_seed_or_unresolved_source,unresolved_or_internal_source,needs_source_review,missing_doi,DS-CAM-DogBone(50),Dog Bone Direct-spun CNTF,CNT_or_CNT_hybrid,fiber_yarn,,,missing_conditions;missing_reference,find_primary_publication;extract_test_conditions;check_duplicate_or_multi_sample_group,RadarFigureSource.xlsx,Fibers With Error,36
rec_14dbb20d165b,internal_seed_or_unresolved_source,unresolved_or_internal_source,needs_source_review,missing_doi,VA-UT2004(19),Twisted VA-CNTF,CNT_or_CNT_hybrid,fiber_yarn,,,missing_conditions;missing_reference,find_primary_publication;extract_test_conditions;check_duplicate_or_multi_sample_group,RadarFigureSource.xlsx,Fibers With Error,37
rec_fcb2caba4fa2,internal_seed_or_unresolved_source,unresolved_or_internal_source,needs_source_review,missing_doi,VA-UT2007(63),Twisted VA-CNTF,CNT_or_CNT_hybrid,fiber_yarn,,,missing_conditions;missing_reference,find_primary_publication;extract_test_conditions;check_duplicate_or_multi_sample_group,RadarFigureSource.xlsx,Fibers With Error,38
rec_70d98b63b98c,internal_seed_or_unresolved_source,unresolved_or_internal_source,needs_source_review,missing_doi,This work-Raw,This Work-Raw,CNT_or_CNT_hybrid,fiber_yarn,,,missing_conditions;missing_reference,find_primary_publication;extract_test_conditions,XiaO_DATA.xlsx,Sheet1,5
rec_289ed1b15006,internal_seed_or_unresolved_source,unresolved_or_internal_source,needs_source_review,missing_doi,Toray T300(1),PAN-based CF,carbon_fiber_comparator,fiber_yarn,,,,find_primary_publication;check_duplicate_or_multi_sample_group,RadarFigureSource.xlsx,Fibers With Error,41
rec_8ab6683c1526,internal_seed_or_unresolved_source,unresolved_or_internal_source,needs_source_review,missing_doi,Toray T300(1),PAN-based CF,carbon_fiber_comparator,fiber_yarn,,,,find_primary_publication;check_duplicate_or_multi_sample_group,RadarFigureSource.xlsx,Radar,42
rec_7f02d9ff1087,internal_seed_or_unresolved_source,unresolved_or_internal_source,needs_source_review,missing_doi,Toray T700SC,PAN-based CF,carbon_fiber_comparator,fiber_yarn,,,,find_primary_publication,RadarFigureSource.xlsx,Fibers With Error,42
rec_f7ee781292ad,internal_seed_or_unresolved_source,unresolved_or_internal_source,needs_source_review,missing_doi,Toray T700SC,PAN-based CF,carbon_fiber_comparator,fiber_yarn,,,,find_primary_publication,RadarFigureSource.xlsx,Radar,43
rec_bc3966553db1,internal_seed_or_unresolved_source,unresolved_or_internal_source,needs_source_review,missing_doi,Toray T800SC,PAN-based CF,carbon_fiber_comparator,fiber_yarn,,,,find_primary_publication,RadarFigureSource.xlsx,Fibers With Error,43
rec_12950c66634f,internal_seed_or_unresolved_source,unresolved_or_internal_source,needs_source_review,missing_doi,Toray T800SC,PAN-based CF,carbon_fiber_comparator,fiber_yarn,,,,find_primary_publication,RadarFigureSource.xlsx,Radar,44
rec_066904acc41a,internal_seed_or_unresolved_source,unresolved_or_internal_source,needs_source_review,missing_doi,Toray T1000GB,PAN-based CF,carbon_fiber_comparator,fiber_yarn,,,,find_primary_publication,RadarFigureSource.xlsx,Fibers With Error,44
rec_579db1cb6681,internal_seed_or_unresolved_source,unresolved_or_internal_source,needs_source_review,missing_doi,Toray T1000GB,PAN-based CF,carbon_fiber_comparator,fiber_yarn,,,,find_primary_publication,RadarFigureSource.xlsx,Radar,45
rec_d61315204442,internal_seed_or_unresolved_source,unresolved_or_internal_source,needs_source_review,missing_doi,Toray T1100GC(1),PAN-based CF,carbon_fiber_comparator,fiber_yarn,,,,find_primary_publication;check_duplicate_or_multi_sample_group,RadarFigureSource.xlsx,Fibers With Error,45
rec_f90f56fd86c7,internal_seed_or_unresolved_source,unresolved_or_internal_source,needs_source_review,missing_doi,Toray T1100GC(1),PAN-based CF,carbon_fiber_comparator,fiber_yarn,,,,find_primary_publication;check_duplicate_or_multi_sample_group,RadarFigureSource.xlsx,Radar,46
rec_1792a9e5a64d,internal_seed_or_unresolved_source,unresolved_or_internal_source,needs_source_review,missing_doi,Toray M35JB(1),PAN-based CF,carbon_fiber_comparator,fiber_yarn,,,,find_primary_publication;check_duplicate_or_multi_sample_group,RadarFigureSource.xlsx,Fibers With Error,46
rec_03146f4a695c,internal_seed_or_unresolved_source,unresolved_or_internal_source,needs_source_review,missing_doi,Toray M35JB(1),PAN-based CF,carbon_fiber_comparator,fiber_yarn,,,,find_primary_publication;check_duplicate_or_multi_sample_group,RadarFigureSource.xlsx,Radar,47
rec_d4ba9d1fb5bc,internal_seed_or_unresolved_source,unresolved_or_internal_source,needs_source_review,missing_doi,Toray M40JB,PAN-based CF,carbon_fiber_comparator,fiber_yarn,,,,find_primary_publication,RadarFigureSource.xlsx,Fibers With Error,47
rec_6586a2964c92,internal_seed_or_unresolved_source,unresolved_or_internal_source,needs_source_review,missing_doi,Toray M40JB,PAN-based CF,carbon_fiber_comparator,fiber_yarn,,,,find_primary_publication,RadarFigureSource.xlsx,Radar,48
rec_3fa65460c158,internal_seed_or_unresolved_source,unresolved_or_internal_source,needs_source_review,missing_doi,Toray M60JB(1),PAN-based CF,carbon_fiber_comparator,fiber_yarn,,,,find_primary_publication;check_duplicate_or_multi_sample_group,RadarFigureSource.xlsx,Fibers With Error,48
rec_b11c4c7c339b,internal_seed_or_unresolved_source,unresolved_or_internal_source,needs_source_review,missing_doi,Toray M60JB(1),PAN-based CF,carbon_fiber_comparator,fiber_yarn,,,,find_primary_publication;check_duplicate_or_multi_sample_group,RadarFigureSource.xlsx,Radar,49
rec_5ff794a58cdf,internal_seed_or_unresolved_source,unresolved_or_internal_source,needs_source_review,missing_doi,Toray 1200,PAN-based CF,carbon_fiber_comparator,fiber_yarn,,,,find_primary_publication,RadarFigureSource.xlsx,Fibers With Error,49
rec_2853d6883bc1,internal_seed_or_unresolved_source,unresolved_or_internal_source,needs_source_review,missing_doi,Toray 1200,PAN-based CF,carbon_fiber_comparator,fiber_yarn,,,,find_primary_publication,RadarFigureSource.xlsx,Radar,50
rec_9c457a2e8b8b,internal_seed_or_unresolved_source,unresolved_or_internal_source,needs_source_review,missing_doi,"HexTow AS4(1, 64)",PAN-based CF,carbon_fiber_comparator,fiber_yarn,,,,find_primary_publication;check_duplicate_or_multi_sample_group,RadarFigureSource.xlsx,Fibers With Error,50
rec_98a098113d0a,internal_seed_or_unresolved_source,unresolved_or_internal_source,needs_source_review,missing_doi,"HexTow AS4(1, 64)",PAN-based CF,carbon_fiber_comparator,fiber_yarn,,,,find_primary_publication;check_duplicate_or_multi_sample_group,RadarFigureSource.xlsx,Radar,51
rec_2bf08d3e79ef,internal_seed_or_unresolved_source,unresolved_or_internal_source,needs_source_review,missing_doi,HexTow IM7,PAN-based CF,carbon_fiber_comparator,fiber_yarn,,,,find_primary_publication,RadarFigureSource.xlsx,Fibers With Error,51
rec_827fcd001cba,internal_seed_or_unresolved_source,unresolved_or_internal_source,needs_source_review,missing_doi,HexTow IM7,PAN-based CF,carbon_fiber_comparator,fiber_yarn,,,,find_primary_publication,RadarFigureSource.xlsx,Radar,52
rec_f054d5cb459c,internal_seed_or_unresolved_source,unresolved_or_internal_source,needs_source_review,missing_doi,HexTow IM10,PAN-based CF,carbon_fiber_comparator,fiber_yarn,,,,find_primary_publication,RadarFigureSource.xlsx,Fibers With Error,52
rec_ae04d57a13ef,internal_seed_or_unresolved_source,unresolved_or_internal_source,needs_source_review,missing_doi,HexTow IM10,PAN-based CF,carbon_fiber_comparator,fiber_yarn,,,,find_primary_publication,RadarFigureSource.xlsx,Radar,53
rec_9213a8cdd66c,internal_seed_or_unresolved_source,unresolved_or_internal_source,needs_source_review,missing_doi,HexTow HM63,PAN-based CF,carbon_fiber_comparator,fiber_yarn,,,,find_primary_publication,RadarFigureSource.xlsx,Fibers With Error,53
rec_8c277315aa29,internal_seed_or_unresolved_source,unresolved_or_internal_source,needs_source_review,missing_doi,HexTow HM63,PAN-based CF,carbon_fiber_comparator,fiber_yarn,,,,find_primary_publication,RadarFigureSource.xlsx,Radar,54
rec_a8faa2c9a597,internal_seed_or_unresolved_source,unresolved_or_internal_source,needs_source_review,missing_doi,GRANOC YSH50A,Pitch-based CF,carbon_fiber_comparator,fiber_yarn,,,,find_primary_publication,RadarFigureSource.xlsx,Fibers With Error,54
rec_7c90eee200bb,internal_seed_or_unresolved_source,unresolved_or_internal_source,needs_source_review,missing_doi,GRANOC YSH50A,Pitch-based CF,carbon_fiber_comparator,fiber_yarn,,,,find_primary_publication,RadarFigureSource.xlsx,Radar,55
rec_f0a85f1b6dc6,internal_seed_or_unresolved_source,unresolved_or_internal_source,needs_source_review,missing_doi,GRANOC YSH70A,Pitch-based CF,carbon_fiber_comparator,fiber_yarn,,,,find_primary_publication,RadarFigureSource.xlsx,Fibers With Error,55
rec_98bfdbd8b6c2,internal_seed_or_unresolved_source,unresolved_or_internal_source,needs_source_review,missing_doi,GRANOC YSH70A,Pitch-based CF,carbon_fiber_comparator,fiber_yarn,,,,find_primary_publication,RadarFigureSource.xlsx,Radar,56
rec_658e67cf9d90,internal_seed_or_unresolved_source,unresolved_or_internal_source,needs_source_review,missing_doi,GRANOC YS80A,Pitch-based CF,carbon_fiber_comparator,fiber_yarn,,,,find_primary_publication,RadarFigureSource.xlsx,Fibers With Error,56
rec_8ed1ed1ea8a8,internal_seed_or_unresolved_source,unresolved_or_internal_source,needs_source_review,missing_doi,GRANOC YS80A,Pitch-based CF,carbon_fiber_comparator,fiber_yarn,,,,find_primary_publication,RadarFigureSource.xlsx,Radar,57
rec_247714680326,internal_seed_or_unresolved_source,unresolved_or_internal_source,needs_source_review,missing_doi,GRANOC YS90A,Pitch-based CF,carbon_fiber_comparator,fiber_yarn,,,,find_primary_publication,RadarFigureSource.xlsx,Fibers With Error,57
rec_18c8f202ef86,internal_seed_or_unresolved_source,unresolved_or_internal_source,needs_source_review,missing_doi,GRANOC YS90A,Pitch-based CF,carbon_fiber_comparator,fiber_yarn,,,,find_primary_publication,RadarFigureSource.xlsx,Radar,58
rec_71c5cca4f289,internal_seed_or_unresolved_source,unresolved_or_internal_source,needs_source_review,missing_doi,GRANOC YS95A,Pitch-based CF,carbon_fiber_comparator,fiber_yarn,,,,find_primary_publication,RadarFigureSource.xlsx,Fibers With Error,58
rec_271a8f5dfc84,internal_seed_or_unresolved_source,unresolved_or_internal_source,needs_source_review,missing_doi,GRANOC YS95A,Pitch-based CF,carbon_fiber_comparator,fiber_yarn,,,,find_primary_publication,RadarFigureSource.xlsx,Radar,59
rec_a051e576f73c,internal_seed_or_unresolved_source,unresolved_or_internal_source,needs_source_review,missing_doi,DIALEAD K1352U,Pitch-based CF,carbon_fiber_comparator,fiber_yarn,,,,find_primary_publication,RadarFigureSource.xlsx,Fibers With Error,59
rec_5163df914204,internal_seed_or_unresolved_source,unresolved_or_internal_source,needs_source_review,missing_doi,DIALEAD K1352U,Pitch-based CF,carbon_fiber_comparator,fiber_yarn,,,,find_primary_publication,RadarFigureSource.xlsx,Radar,60
rec_b6782eed6a6c,internal_seed_or_unresolved_source,unresolved_or_internal_source,needs_source_review,missing_doi,DIALEAD K1392U,Pitch-based CF,carbon_fiber_comparator,fiber_yarn,,,,find_primary_publication,RadarFigureSource.xlsx,Fibers With Error,60
rec_66519973b927,internal_seed_or_unresolved_source,unresolved_or_internal_source,needs_source_review,missing_doi,DIALEAD K1392U,Pitch-based CF,carbon_fiber_comparator,fiber_yarn,,,,find_primary_publication,RadarFigureSource.xlsx,Radar,61
rec_d7b1d97d92bd,internal_seed_or_unresolved_source,unresolved_or_internal_source,needs_source_review,missing_doi,DIALEAD K13C6U,Pitch-based CF,carbon_fiber_comparator,fiber_yarn,,,,find_primary_publication,RadarFigureSource.xlsx,Fibers With Error,61
rec_9d35de57de91,internal_seed_or_unresolved_source,unresolved_or_internal_source,needs_source_review,missing_doi,DIALEAD K13C6U,Pitch-based CF,carbon_fiber_comparator,fiber_yarn,,,,find_primary_publication,RadarFigureSource.xlsx,Radar,62
rec_d1f45d3f4068,internal_seed_or_unresolved_source,unresolved_or_internal_source,needs_source_review,missing_doi,DIALEAD K13D2U,Pitch-based CF,carbon_fiber_comparator,fiber_yarn,,,,find_primary_publication,RadarFigureSource.xlsx,Fibers With Error,62
rec_80c4b9218101,internal_seed_or_unresolved_source,unresolved_or_internal_source,needs_source_review,missing_doi,DIALEAD K13D2U,Pitch-based CF,carbon_fiber_comparator,fiber_yarn,,,,find_primary_publication,RadarFigureSource.xlsx,Radar,63
rec_90eea0c216f2,internal_seed_or_unresolved_source,unresolved_or_internal_source,needs_source_review,missing_doi,Toray T1100GC(1),PAN-based CF,carbon_fiber_comparator,fiber_yarn,,,,find_primary_publication;check_duplicate_or_multi_sample_group,RadarFigureSource.xlsx,Fibers With Error,90
rec_d6e4e4643f58,internal_seed_or_unresolved_source,unresolved_or_internal_source,needs_source_review,missing_doi,HexTow HM63,PAN-based CF,carbon_fiber_comparator,fiber_yarn,,,,find_primary_publication,RadarFigureSource.xlsx,Fibers With Error,92
rec_8f8317262498,internal_seed_or_unresolved_source,unresolved_or_internal_source,needs_source_review,missing_doi,GRANOC YS95A,Pitch-based CF,carbon_fiber_comparator,fiber_yarn,,,,find_primary_publication,RadarFigureSource.xlsx,Fibers With Error,94
rec_9b29e293812d,internal_seed_or_unresolved_source,unresolved_or_internal_source,needs_source_review,missing_doi,DIALEAD K13D2U,Pitch-based CF,carbon_fiber_comparator,fiber_yarn,,,,find_primary_publication,RadarFigureSource.xlsx,Fibers With Error,96
rec_3552cd201033,internal_seed_or_unresolved_source,unresolved_or_internal_source,needs_source_review,missing_doi,Toray,Toray,carbon_fiber_comparator,fiber_yarn,,,,find_primary_publication,XiaO_DATA.xlsx,Sheet1,29
rec_ac9faa0e9aba,internal_seed_or_unresolved_source,unresolved_or_internal_source,needs_source_review,missing_doi,Toray,Toray,carbon_fiber_comparator,fiber_yarn,,,,find_primary_publication,XiaO_DATA.xlsx,Sheet1,30
rec_7f542b840212,internal_seed_or_unresolved_source,unresolved_or_internal_source,needs_source_review,missing_doi,NGF GRANOC,NGF GRANOC,carbon_fiber_comparator,fiber_yarn,,,,find_primary_publication,XiaO_DATA.xlsx,Sheet1,33
rec_ad5c3c26e459,internal_seed_or_unresolved_source,unresolved_or_internal_source,needs_source_review,missing_doi,NGF GRANOC,NGF GRANOC,carbon_fiber_comparator,fiber_yarn,,,,find_primary_publication,XiaO_DATA.xlsx,Sheet1,38
rec_1643551c47bb,internal_seed_or_unresolved_source,unresolved_or_internal_source,needs_source_review,missing_doi,NGF GRANOC,NGF GRANOC,carbon_fiber_comparator,fiber_yarn,,,,find_primary_publication,XiaO_DATA.xlsx,Sheet1,39
rec_4de9504f349c,internal_seed_or_unresolved_source,unresolved_or_internal_source,needs_source_review,missing_doi,NGF GRANOC,NGF GRANOC,carbon_fiber_comparator,fiber_yarn,,,,find_primary_publication,XiaO_DATA.xlsx,Sheet1,40
rec_c66eddd4241b,internal_seed_or_unresolved_source,unresolved_or_internal_source,needs_source_review,missing_doi,,Silicon carbide Whisker,ceramic_or_glass_comparator,fiber_yarn,,,unit_inference,find_primary_publication;verify_tensile_strength_unit,XiaO_DATA.xlsx,Sheet1,97
rec_2be413052974,internal_seed_or_unresolved_source,unresolved_or_internal_source,needs_source_review,missing_doi,GO: 0%,GO interface hybrid Solution-Spun CNTF,graphene_or_GO_fiber,fiber_yarn,,,missing_reference,find_primary_publication,RadarFigureSource.xlsx,Radar,24
rec_3a97b04c69ac,internal_seed_or_unresolved_source,unresolved_or_internal_source,needs_source_review,missing_doi,GO: 5%,GO: 5%,graphene_or_GO_fiber,fiber_yarn,,,missing_reference,find_primary_publication,RadarFigureSource.xlsx,Radar,25
rec_6986799e98a9,internal_seed_or_unresolved_source,unresolved_or_internal_source,needs_source_review,missing_doi,GO-SS-2022(40),GO interface hybrid Solution-Spun CNTF,graphene_or_GO_fiber,fiber_yarn,,,missing_reference,find_primary_publication,RadarFigureSource.xlsx,Fibers With Error,25
rec_aefd70bf59ff,internal_seed_or_unresolved_source,unresolved_or_internal_source,needs_source_review,missing_doi,GO: 10%,GO: 10%,graphene_or_GO_fiber,fiber_yarn,,,missing_reference,find_primary_publication,RadarFigureSource.xlsx,Radar,26
rec_79f94961ecba,internal_seed_or_unresolved_source,unresolved_or_internal_source,needs_source_review,missing_doi,GO: 0%,GO: 0%,graphene_or_GO_fiber,fiber_yarn,,,missing_reference,find_primary_publication,RadarFigureSource.xlsx,Fibers With Error,26
rec_36d98ee62ecb,internal_seed_or_unresolved_source,unresolved_or_internal_source,needs_source_review,missing_doi,GO: 20%,GO: 20%,graphene_or_GO_fiber,fiber_yarn,,,missing_reference,find_primary_publication,RadarFigureSource.xlsx,Radar,27
rec_03283b7333ed,internal_seed_or_unresolved_source,unresolved_or_internal_source,needs_source_review,missing_doi,GO: 5%,GO: 5%,graphene_or_GO_fiber,fiber_yarn,,,missing_reference,find_primary_publication,RadarFigureSource.xlsx,Fibers With Error,27
rec_cea69660788d,internal_seed_or_unresolved_source,unresolved_or_internal_source,needs_source_review,missing_doi,GO: 10%,GO: 10%,graphene_or_GO_fiber,fiber_yarn,,,missing_reference,find_primary_publication,RadarFigureSource.xlsx,Fibers With Error,28
rec_deb0289b9a1c,internal_seed_or_unresolved_source,unresolved_or_internal_source,needs_source_review,missing_doi,GO: 20%,GO: 20%,graphene_or_GO_fiber,fiber_yarn,,,missing_reference,find_primary_publication,RadarFigureSource.xlsx,Fibers With Error,29
rec_0b07a4d12b8e,internal_seed_or_unresolved_source,unresolved_or_internal_source,needs_source_review,missing_doi,AERMet Steel,AERMet Steel,metal_comparator,fiber_yarn,,,,find_primary_publication,RadarFigureSource.xlsx,Radar,69
rec_81eb1bbffc48,internal_seed_or_unresolved_source,unresolved_or_internal_source,needs_source_review,missing_doi,ASTM A36 Steel,ASTM A36 Steel,metal_comparator,fiber_yarn,,,,find_primary_publication,RadarFigureSource.xlsx,Radar,70
rec_bb4cf2ee32a4,no_canonical_measurements,peer_reviewed_meta_analysis_record,secondary_meta_analysis_with_original_doi,verified_crossref_openalex,2013_Electrical transport and electromigration studies on nickel encapsulated carbon nanotubes: Possible future interconnects,Ni encapsulated MWCNT,CNT_metal_composite,fiber_yarn,10.1088/0957-4484/24/18/185201,,,check_duplicate_or_multi_sample_group,20210409_Metaanalysis_database.xlsx,Main,623
rec_2e73cd32c49b,no_canonical_measurements,peer_reviewed_meta_analysis_record,secondary_meta_analysis_with_original_doi,verified_crossref_openalex,2004 Direct Spinning of Carbon Nanotube Fibers from Chemical Vapor Deposition Synthesis,Floating Cat,CNT_or_CNT_hybrid,fiber_yarn,10.1126/science.1094982,,missing_conditions,extract_test_conditions,20210409_Metaanalysis_database.xlsx,Main,251
rec_9ba13ae57c0b,no_canonical_measurements,peer_reviewed_meta_analysis_record,secondary_meta_analysis_with_original_doi,verified_crossref_openalex,2000 Electrical and thermal transport properties of magnetically aligned single wall carbon nanotube films,"Thin and Unannealed Magnetic field aligned buckypaper, Questionable if this is counted as doped",polymer_fiber_comparator,buckypaper,10.1063/1.127079,,,check_duplicate_or_multi_sample_group,20210409_Metaanalysis_database.xlsx,Main,216
rec_8847051b33ae,no_canonical_measurements,peer_reviewed_meta_analysis_record,secondary_meta_analysis_with_original_doi,verified_crossref_openalex,2000 Electrical and thermal transport properties of magnetically aligned single wall carbon nanotube films,Thin and annealed Magnetic field aligned Buckypaper,polymer_fiber_comparator,buckypaper,10.1063/1.127079,,,check_duplicate_or_multi_sample_group,20210409_Metaanalysis_database.xlsx,Main,217
rec_17e21ddc0416,no_canonical_measurements,peer_reviewed_meta_analysis_record,secondary_meta_analysis_with_original_doi,verified_crossref_openalex,2000 Electrical and thermal transport properties of magnetically aligned single wall carbon nanotube films,Thick and un-annealed Magnetic field aligned Buckypaper,polymer_fiber_comparator,buckypaper,10.1063/1.127079,,,check_duplicate_or_multi_sample_group,20210409_Metaanalysis_database.xlsx,Main,218
rec_d48850718f54,no_canonical_measurements;internal_seed_or_unresolved_source,unresolved_or_internal_source,needs_source_review,missing_doi,Specific CNTf/CF Scores,Specific CNTf/CF Scores,CNT_or_CNT_hybrid,fiber_yarn,,,missing_conditions;missing_reference,find_primary_publication;extract_test_conditions,RadarFigureSource.xlsx,Fibers With Error,72
rec_f757acb67384,secondary_duplicate_of_higher_priority_record,peer_reviewed_meta_analysis_record,secondary_meta_analysis_with_original_doi,verified_crossref_openalex,2021_Fabrication of High Specific Electrical Conductivity and High Ampacity Carbon NanotubeCopper Composite Wires,Metal CNT Composite 2021,CNT_metal_composite,fiber_yarn,10.1002/aelm.202001213,,duplicate_candidate,check_duplicate_or_multi_sample_group,20210409_Metaanalysis_database.xlsx,Main,1303
rec_cd08d0bb1559,secondary_duplicate_of_higher_priority_record,peer_reviewed_meta_analysis_record,secondary_meta_analysis_with_original_doi,verified_crossref_openalex,2021_Fabrication of High Specific Electrical Conductivity and High Ampacity Carbon NanotubeCopper Composite Wires,Metal CNT Composite 2021,CNT_metal_composite,fiber_yarn,10.1002/aelm.202001213,,duplicate_candidate,check_duplicate_or_multi_sample_group,20210409_Metaanalysis_database.xlsx,Main,1304
rec_113b2db38797,secondary_duplicate_of_higher_priority_record,peer_reviewed_meta_analysis_record,secondary_meta_analysis_with_original_doi,verified_crossref_openalex,2013_Enhancing the tensile properties of continuous millimeter-scale carbon nanotube fibers by densification,CNTs firectly pulled from forests,CNT_or_CNT_hybrid,forest_array,10.1021/am401524q,,duplicate_candidate,check_duplicate_or_multi_sample_group,20210409_Metaanalysis_database.xlsx,Main,624
rec_4ec6e7f1717d,secondary_duplicate_of_higher_priority_record,peer_reviewed_meta_analysis_record,secondary_meta_analysis_with_original_doi,verified_crossref_openalex,"2020 Improved Properties, Increased Production, and the Path to Broad Adoption of Carbon Nanotube Fibers",Aligned Few-wall CNTs 2020,CNT_or_CNT_hybrid,fiber_yarn,10.1016/j.carbon.2020.07.058,,duplicate_candidate;missing_conditions,extract_test_conditions;check_duplicate_or_multi_sample_group,20210409_Metaanalysis_database.xlsx,Main,1202
rec_79e46a86f92b,secondary_duplicate_of_higher_priority_record,peer_reviewed_meta_analysis_record,secondary_meta_analysis_with_original_doi,verified_crossref_openalex,"2004 Macroscopic, Neat, Single-Walled Carbon Nanotube Fibers","Early Rice paper neat, X ray value is for a swelled sulfuric acid sample although compaired to the annealed samle it does not appear acid changes the FWHM much",polymer_fiber_comparator,sheet_mat_film,10.1126/science.1101398,,duplicate_candidate,check_duplicate_or_multi_sample_group,20210409_Metaanalysis_database.xlsx,Main,258
